sample_id,timestamp,subject_id,session_id,camera_position,lighting_condition,exercise_type,active_arm,rom_elbow,upper_arm_angle_std,torso_sway_range,shoulder_angle_range,rep_duration,up_phase_duration,down_phase_duration,elbow_velocity_mean,elbow_velocity_std,motion_smoothness,elbow_drift_range,mean_visibility,label,error_type,notes
11,2026-06-15T03:30:35,S01,session_02,side,normal,biceps,right,101.4216948115469,10.552438012062751,10.744113483174022,19.665168749229352,0.8942298889160156,0.4068763256072998,0.4873535633087158,242.71507698852383,193.9022085041718,3886.512817395168,31.6290914158088,0.9678662317991256,incorrect,body_swing,badan_bergerak
12,2026-06-15T03:30:42,S01,session_02,side,normal,biceps,right,113.77621721381468,11.883417841558854,9.464327168383203,23.749096396622217,0.9371984004974364,0.3605518341064453,0.5766465663909912,255.7396570711114,181.6522748613044,3074.091575904707,33.82091532873686,0.9618351111809412,incorrect,body_swing,badan_bergerak
13,2026-06-15T03:30:47,S01,session_02,side,normal,biceps,right,97.87427033277964,9.452657093093553,13.310846805705635,20.30811892811444,1.7605412006378174,0.880082368850708,0.8804588317871094,136.2102769341975,227.77693165256107,5332.129201158931,32.61971279831268,0.9735942222970596,incorrect,body_swing,badan_bergerak
15,2026-06-15T03:32:07,S01,session_02,side,normal,biceps,right,107.45259055727068,12.834527047642108,14.504840174619044,23.671175105953605,0.9244985580444336,0.4650194644927978,0.4594790935516357,235.51467984806453,150.43726653475096,2926.676806820307,36.82450906007539,0.9673819669655392,incorrect,body_swing,badan_bergerak
16,2026-06-15T03:32:15,S01,session_02,side,normal,biceps,left,109.501111546293,11.856604825376303,13.592834189381287,23.40329791539939,1.1207051277160645,0.4118359088897705,0.708869218826294,208.370920929911,171.7232049975415,3480.176414105568,38.096569635965366,0.955524397246978,incorrect,body_swing,badan_bergerak
17,2026-06-15T03:32:21,S01,session_02,side,normal,biceps,left,103.82773399135527,8.6981215128256,14.009012257867168,15.569810060219003,0.9215915203094482,0.345714807510376,0.5758767127990723,233.80301296365727,150.42842851771815,2430.039579323913,29.57882231808617,0.94248059005649,incorrect,body_swing,badan_bergerak
18,2026-06-15T03:32:26,S01,session_02,side,normal,biceps,left,123.64762029062646,4.8202588954607855,7.674785472323783,9.524491489332412,0.9377574920654296,0.3597452640533447,0.578012228012085,233.43304737535604,169.73072839504457,3434.3603952442186,15.034197430728634,0.9486457390917672,incorrect,body_swing,badan_bergerak
19,2026-06-15T03:32:31,S01,session_02,side,normal,biceps,left,118.60894121371145,6.290758083594061,9.237309887994174,11.358734816405512,1.0684592723846436,0.4727077484130859,0.5957515239715576,246.49787658051227,160.22270832421768,3455.0864015871007,18.059359486799263,0.953022852026183,incorrect,body_swing,badan_bergerak
20,2026-06-15T03:32:51,S01,session_03,side,normal,biceps,left,99.2700081202142,20.4835983560312,2.7047056478752727,59.083684026434206,0.7799913883209229,0.2910158634185791,0.4889755249023437,218.2531174566261,160.48400589604574,3728.500394718268,55.84443961097681,0.9697637394780204,incorrect,elbow_swing,siku_maju_mundur
21,2026-06-15T03:32:56,S01,session_03,side,normal,biceps,left,97.8679586988645,17.256584952021367,3.447615132875652,48.27221246728821,1.03688383102417,0.4110333919525146,0.6258504390716553,209.03440203186327,176.4088980369696,3144.581468543724,45.622198157605176,0.9752390004934804,incorrect,elbow_swing,siku_maju_mundur
22,2026-06-15T03:33:01,S01,session_03,side,normal,biceps,left,106.59104708939522,13.78273999838497,3.695981261241028,39.69864310125431,0.9682679176330566,0.2827916145324707,0.6854763031005859,224.370438959618,212.4370593674157,5709.607688437017,38.20604849481599,0.9652336482648496,incorrect,elbow_swing,siku_maju_mundur
23,2026-06-15T03:33:06,S01,session_03,side,normal,biceps,left,98.74778262497352,22.350554064898144,2.961313359496506,68.99782947165346,1.0915005207061768,0.6138491630554199,0.4776513576507568,196.10976074159512,179.8446536651994,4770.347045909204,63.84152630662424,0.9657715878316334,incorrect,elbow_swing,siku_maju_mundur
24,2026-06-15T03:33:10,S01,session_03,side,normal,biceps,right,102.89484264404018,23.187934382273145,1.56784181068853,64.99719279096965,0.8992798328399658,0.481534481048584,0.4177453517913818,205.0100210804543,152.97144990270692,3109.278746497527,62.57699905639912,0.9876843136548996,incorrect,elbow_swing,siku_maju_mundur
25,2026-06-15T03:33:15,S01,session_03,side,normal,biceps,right,95.42181044673654,23.62975385494913,2.219804036458456,66.04034509920922,0.804236650466919,0.3821363449096679,0.422100305557251,200.0949338326681,195.2057979207827,5539.657321591831,63.74037949405355,0.9851914183659988,incorrect,elbow_swing,siku_maju_mundur
26,2026-06-15T03:33:21,S01,session_03,side,normal,biceps,right,96.3657876347756,26.293901115242896,4.957266957303235,77.05138546463964,1.2719969749450684,0.4788851737976074,0.7931118011474609,158.7559273659746,137.97280202134405,2841.7701185244805,73.75302917863237,0.9682026836607192,incorrect,elbow_swing,siku_maju_mundur
27,2026-06-15T03:33:26,S01,session_03,side,normal,biceps,right,92.57290145886388,21.0831530589628,5.078039401376001,56.97664092770061,1.2893211841583252,0.5991969108581543,0.6901242733001709,164.5786942001645,167.04713428735462,2173.341723143906,55.17294248915942,0.979826630730378,incorrect,elbow_swing,siku_maju_mundur
28,2026-06-15T03:33:33,S01,session_03,side,normal,biceps,right,87.39589619844467,24.802220650596457,3.543471748820896,70.7941201556529,1.1880183219909668,0.4835505485534668,0.7044677734375,136.0063255360855,118.43557805713898,2665.3495991314603,68.99431361117,0.9712981401997454,incorrect,elbow_swing,siku_maju_mundur
29,2026-06-15T03:33:52,S01,session_04,side,normal,biceps,left,78.46169521014386,0.6452333403695445,0.6040267779446807,1.9630203564466588,1.5301909446716309,0.6406383514404297,0.8895525932312012,109.27692125028912,86.16331676915941,1627.7593255485897,2.518558903456044,0.9799741215649104,incorrect,not_full_up,rom_tidak_penuh
30,2026-06-15T03:33:58,S01,session_04,side,normal,biceps,left,66.47221607142846,0.6538155878176278,0.8662423696181207,1.909713805338486,2.423336267471313,1.0922422409057615,1.3310940265655518,56.22356730290036,41.89861304458541,808.6851854284874,2.459668984807881,0.9835883456636484,incorrect,not_full_up,rom_tidak_penuh
34,2026-06-15T03:34:59,S01,session_04,side,normal,biceps,right,53.47344764994676,0.6927685147727595,1.904403309157146,1.9454292140152087,2.719789981842041,1.8482544422149656,0.8715355396270752,46.18038959780044,55.87227640568189,1162.784478869968,2.53785756541544,0.98127668256491,incorrect,not_full_up,rom_tidak_penuh
35,2026-06-15T03:35:07,S01,session_04,side,normal,biceps,right,57.45813242901337,1.1386072170954151,1.474442211050336,6.28729316574934,2.4141626358032227,0.961338996887207,1.4528236389160156,51.5500965084263,52.4293005899966,881.8159784329288,5.128889800918804,0.9789516146200292,incorrect,not_full_up,rom_tidak_penuh
36,2026-06-15T03:35:17,S01,session_04,side,normal,biceps,right,39.8450425209648,0.317093331514046,1.044809997462373,2.349887197438611,2.407160997390747,1.4031591415405271,1.0040018558502195,36.75229183722704,43.06485384079391,487.8561816723683,1.398485783677012,0.9793699576208988,incorrect,not_full_up,rom_tidak_penuh
37,2026-06-15T03:35:24,S01,session_04,side,normal,biceps,right,46.235142754913824,0.5465732989382772,0.7484380187771433,1.0903678945768769,2.272759199142456,0.713292121887207,1.559467077255249,47.806420126869305,57.75198422846313,677.619477622709,2.0845330630339034,0.9728262428851688,incorrect,not_full_up,rom_tidak_penuh
38,2026-06-15T03:35:45,S01,session_05,side,normal,biceps,right,112.36590201485092,1.470232837211401,0.9376158075487144,4.80976440664318,0.7094006538391113,0.3082585334777832,0.4011421203613281,298.95926770304726,157.51388029331096,3254.532224264364,4.05008552654632,0.9837591543793678,incorrect,too_fast,tempo_terlalu_cepat
39,2026-06-15T03:35:53,S01,session_05,side,normal,biceps,right,118.74833891583472,2.5406618985603915,2.4747235667988527,8.033640244449927,0.7256786823272705,0.2863767147064209,0.4393019676208496,270.2525569021454,166.21236184205068,3377.214800054471,6.842787354314712,0.9750677077543168,incorrect,too_fast,tempo_terlalu_cepat
40,2026-06-15T03:35:58,S01,session_05,side,normal,biceps,right,110.52495010518597,1.4755408605992368,2.2699209427143505,7.65806251464656,0.7513754367828369,0.279994249343872,0.4713811874389648,278.11804540479346,180.7622727256532,4014.571377975153,4.829639360301946,0.981406697914714,incorrect,too_fast,tempo_terlalu_cepat
41,2026-06-15T03:36:02,S01,session_05,side,normal,biceps,right,121.07446583668587,5.427542941353737,2.011959833128825,17.82306320783739,0.6853058338165283,0.2652323246002197,0.4200735092163086,302.5115197435736,198.6802911350334,3919.6896539930462,17.76425737413025,0.9782079330512456,incorrect,too_fast,tempo_terlalu_cepat
42,2026-06-15T03:36:08,S01,session_05,side,normal,biceps,left,113.83832072907204,1.494307887719772,1.8320748961821585,5.333569195522528,0.5980725288391113,0.2680728435516357,0.3299996852874756,328.98990403637674,260.0166524310084,7070.860166116181,4.873787860227496,0.9827807703438928,incorrect,too_fast,tempo_terlalu_cepat
43,2026-06-15T03:36:13,S01,session_05,side,normal,biceps,left,115.83698760567547,1.9449415384132087,1.2484081801815172,4.71321556594878,0.6985688209533691,0.3110048770904541,0.387563943862915,319.14097036502653,204.74515157492715,3357.741658986441,5.999500723661153,0.9822704522382646,incorrect,too_fast,tempo_terlalu_cepat
44,2026-06-15T03:36:16,S01,session_05,side,normal,biceps,left,122.66732335859729,2.2713227520564856,2.0940995083658973,4.294514831414321,0.70243239402771,0.2664141654968261,0.4360182285308838,336.4316280022848,235.48486886767503,5345.754679481455,6.490683058120931,0.9797712497413158,incorrect,too_fast,tempo_terlalu_cepat
45,2026-06-15T03:36:21,S01,session_05,side,normal,biceps,left,108.91564045263078,2.373751887144804,1.9438424427369976,5.705660560730432,0.6119742393493652,0.2356431484222412,0.376331090927124,319.838071768829,238.71302586561995,6382.870345255014,7.1946348618824905,0.9805187359452248,incorrect,too_fast,tempo_terlalu_cepat
46,2026-06-15T03:36:25,S01,session_05,side,normal,biceps,left,129.4527659413353,2.7297204097147727,2.6073020202333588,6.453170781379154,0.63804030418396,0.2722373008728027,0.3658030033111572,352.0943403652697,209.87602345981512,4563.0655324568,8.448508039484576,0.9733551724089516,incorrect,too_fast,tempo_terlalu_cepat
47,2026-06-10T05:32:06,S02,session_01,side,normal,biceps,left,78.29684451596185,4.51658743381519,2.84810918561684,13.990215894188246,1.5045366287231443,0.6075224876403809,0.8970141410827637,155.17559400475295,215.52990046730048,4767.403186295464,14.17793199108845,0.95002993985134,correct,correct,good_form
49,2026-06-10T05:33:00,S02,session_01,side,normal,biceps,left,92.27611488877122,0.9966469286849234,1.3692938630633518,5.332955579686794,1.819066047668457,0.9354181289672852,0.8836479187011719,108.30667891328643,75.60510438342749,1645.119898250574,4.247786992322976,0.9887601458109342,correct,correct,good_form
50,2026-06-10T05:33:14,S02,session_01,side,normal,biceps,left,82.94058535458399,0.5781136543931766,1.338190845595825,3.2201437191571616,1.816028118133545,1.1427106857299805,0.6733174324035645,99.25532915013166,83.4755399354076,1707.243585408176,2.94643268251019,0.9888795127228992,correct,correct,good_form
51,2026-06-10T05:33:28,S02,session_01,side,normal,biceps,left,84.97587669066601,0.9524981918128208,1.1808286763742584,1.835638191149636,1.5808501243591309,0.7740237712860107,0.8068263530731201,111.3905095495548,91.55816068802848,2091.5848593898886,3.389262555930059,0.9894781530731254,correct,correct,good_form
52,2026-06-10T05:33:46,S02,session_01,side,normal,biceps,left,74.42705321346286,1.5499903320229398,2.0894478231341047,1.931273421674228,3.5877981185913086,2.7882981300354004,0.7994999885559082,48.32235451347855,60.95212346883806,906.929312659669,4.6122336854417165,0.9887913296620052,correct,correct,good_form
53,2026-06-10T05:33:55,S02,session_01,side,normal,biceps,left,88.57865353099524,2.077065572263829,1.5794509598837854,3.962394063786491,1.6219053268432615,0.8009393215179443,0.8209660053253174,111.55123098726057,92.38751702951537,2086.837603932077,6.347694366451427,0.9882502870427238,correct,correct,good_form
54,2026-06-10T05:34:11,S02,session_01,side,normal,biceps,right,83.33054749609715,1.6125758607054996,0.8999057395602326,6.812628149291274,1.706251621246338,0.8581295013427734,0.8481221199035645,106.78186185437924,68.4627046954357,1336.6760528946077,6.580497113153587,0.9836234944431406,correct,correct,good_form
55,2026-06-10T05:34:18,S02,session_01,side,normal,biceps,right,84.74929809838032,1.713309150597136,0.4464353396244815,7.061857830275296,1.742964506149292,0.9566707611083984,0.7862937450408936,102.11317247591457,66.68995871283619,1519.2777579846666,6.797070411391508,0.9828603573334522,correct,correct,good_form
56,2026-06-10T05:34:24,S02,session_01,side,normal,biceps,right,77.49759429820267,1.0494728949236385,1.1124618555530383,3.929378282874355,1.9930744171142576,1.2633318901062012,0.7297425270080566,81.87170363914012,56.36618560970834,1155.1931300165754,4.003560807244108,0.9761157508777536,correct,correct,good_form
57,2026-06-10T05:34:30,S02,session_01,side,normal,biceps,right,79.31296631707866,1.1798590496632435,0.9560731278105844,6.486758857854153,1.586177110671997,0.8114807605743408,0.7746963500976562,101.63077037937003,75.42515880491199,1559.8171126889945,5.826329599993627,0.9860108093255096,correct,correct,good_form
58,2026-06-10T05:34:39,S02,session_01,side,normal,biceps,right,75.47373803671496,1.7605548920802403,0.9013567492994166,8.292684181087623,1.6980600357055664,0.8400514125823975,0.858008623123169,100.117321310837,73.33895197439175,1330.0452897945486,8.495686654974989,0.97348726216035,correct,correct,good_form
59,2026-06-10T05:34:53,S02,session_01,side,normal,biceps,right,85.76250248192703,1.0222425496684666,0.4536824002296202,5.414190123151457,1.3853375911712646,0.617896556854248,0.7674410343170166,103.48380688169826,76.86272373513165,1387.832520676798,5.209824844221142,0.9848966855427316,correct,correct,good_form
60,2026-06-10T05:35:00,S02,session_01,side,normal,biceps,right,80.9788541899294,1.5527223230818223,0.6553594970419665,7.392489533656777,1.5396792888641355,0.6995394229888916,0.8401398658752441,115.22074434314555,80.85898012791814,1534.4974715143817,6.9735743625981215,0.9831039424453464,correct,correct,good_form
61,2026-06-15T03:10:10,S02,session_02,side,normal,biceps,left,74.69006407189104,7.4743791042984435,10.630541493615642,22.536885537750624,0.5824680328369141,0.276686429977417,0.305781602859497,247.14996991749047,125.93384199272924,3966.935067311137,26.227170086193112,0.9730894165603738,incorrect,body_swing,badan_bergerak
63,2026-06-15T03:11:05,S02,session_02,side,normal,biceps,left,100.31024228078373,4.9781206953997,10.416466972098869,7.310765393448227,0.7875430583953857,0.2873203754425049,0.5002226829528809,252.99631678582472,163.79448974468028,3147.3759647889,14.16477100998004,0.9443072527647018,incorrect,body_swing,badan_bergerak
64,2026-06-15T03:11:11,S02,session_02,side,normal,biceps,left,113.72844263936712,6.010982655476933,11.674327725699287,8.802495773159464,0.721360445022583,0.2413926124572754,0.4799678325653076,288.28533486751223,199.2027602695104,5013.804691702185,17.14231479311481,0.9527884450825778,incorrect,body_swing,badan_bergerak
65,2026-06-15T03:11:16,S02,session_02,side,normal,biceps,left,108.5395561480352,5.6214084157359085,10.350359739607187,8.019457982859523,0.7176196575164795,0.2391993999481201,0.4784202575683594,267.10641423951137,179.9112060835465,3603.739982983729,16.708177423875025,0.9607009474526752,incorrect,body_swing,badan_bergerak
66,2026-06-15T03:11:23,S02,session_02,side,normal,biceps,right,107.06208102498546,4.996524038540002,13.970516216682809,8.816857996825886,0.6657652854919434,0.2039937973022461,0.4617714881896972,269.3297272744876,159.21191743863292,3276.972861797663,14.44861743084524,0.9335060179233552,incorrect,body_swing,badan_bergerak
67,2026-06-15T03:11:28,S02,session_02,side,normal,biceps,right,110.52492902639716,5.858087011568355,11.967583741639382,8.338478190466681,0.6594274044036865,0.2147529125213623,0.4446744918823242,291.1645828275381,176.72777702284836,6208.156907053364,16.317002438103568,0.9377031581742424,incorrect,body_swing,badan_bergerak
68,2026-06-15T03:11:33,S02,session_02,side,normal,biceps,right,102.6441309162474,8.3973084090408,13.590907640953606,11.090653440417729,0.7977492809295654,0.2970399856567383,0.5007092952728271,237.49748144481367,153.35653967781005,2698.136683591054,24.404372247479102,0.9441482971111932,incorrect,body_swing,badan_bergerak
69,2026-06-15T03:11:37,S02,session_02,side,normal,biceps,right,106.70846194365478,7.157517489268746,12.950170702434034,8.598630934495567,0.6914258003234863,0.2521200180053711,0.4393057823181152,281.7196471970928,141.22515288819034,3214.855507368984,20.67880396741953,0.9520633776079525,incorrect,body_swing,badan_bergerak
70,2026-06-15T03:12:14,S02,session_03,side,normal,biceps,left,100.53998015698768,14.603503798424944,3.653470822142538,41.3097116944899,0.668222188949585,0.2699017524719238,0.3983204364776611,293.64611699045497,129.0341966871528,3256.5913383105208,39.989558973884655,0.9679442651215052,incorrect,elbow_swing,siku_maju_mundur
71,2026-06-15T03:12:18,S02,session_03,side,normal,biceps,left,108.28028713291604,14.922611239734008,1.7048779645383334,56.78033819790432,0.4707560539245605,0.1703205108642578,0.3004355430603027,373.7299362826647,209.87240258193896,6010.430223229078,55.32885783928229,0.9620461761951448,incorrect,elbow_swing,siku_maju_mundur
72,2026-06-15T03:12:22,S02,session_03,side,normal,biceps,left,101.7814644727072,17.99396749466851,3.7006604934630647,74.55895154050792,0.5310027599334717,0.1704452037811279,0.3605575561523437,344.4558788577605,194.44541008873176,6249.358817522464,71.29437436580777,0.9686190066859126,incorrect,elbow_swing,siku_maju_mundur
74,2026-06-15T03:12:32,S02,session_03,side,normal,biceps,left,110.14336707803116,10.071315006581926,2.223480365659192,39.03759342511438,0.4384098052978515,0.1101682186126709,0.3282415866851806,311.3470338501778,158.94729226145174,6315.556185141209,36.67119159511444,0.9718238157885416,incorrect,elbow_swing,siku_maju_mundur
78,2026-06-15T03:13:19,S02,session_03,side,normal,biceps,right,118.01048905365826,23.78226149139812,6.822054333065674,87.06731300036641,0.7764732837677002,0.4718806743621826,0.3045926094055176,502.4067978410584,568.4799321869054,20609.29199859922,82.78958016078344,0.9541299918835814,incorrect,elbow_swing,siku_maju_mundur
79,2026-06-15T03:13:23,S02,session_03,side,normal,biceps,right,99.63675832126935,9.471132783229908,4.827530470016663,40.08627903515367,0.3968696594238281,0.1426913738250732,0.2541782855987549,430.86917048577794,227.316075338704,9391.392550254415,35.62229313551691,0.9682457956175008,incorrect,elbow_swing,siku_maju_mundur
80,2026-06-15T03:14:54,S02,session_04,side,normal,biceps,left,51.80477168707986,1.413530244926008,0.8936355121253458,3.978808966603684,1.17665696144104,0.645545244216919,0.5311117172241211,95.94446985194284,61.87163745360981,1345.8308400180915,4.518534569624508,0.973692102091653,incorrect,not_full_up,rom_tidak_penuh
81,2026-06-15T03:14:59,S02,session_04,side,normal,biceps,left,43.460283810260805,1.3308139934389691,0.9349574232831596,4.740158355550582,1.268789291381836,0.7177445888519287,0.5510447025299072,67.65670697590285,54.4435074976798,789.1589116532055,4.5723924044288,0.9802223382852016,incorrect,not_full_up,rom_tidak_penuh
82,2026-06-15T03:15:04,S02,session_04,side,normal,biceps,left,55.24951083684852,1.0648950357532774,0.9467492175758594,4.323330268092692,1.2161824703216553,0.6630692481994629,0.5531132221221924,100.02276201760188,76.78302901421287,790.238540375535,4.757470234953539,0.9726133243077332,incorrect,not_full_up,rom_tidak_penuh
83,2026-06-15T03:15:08,S02,session_04,side,normal,biceps,left,56.84081844682985,1.565905803472878,0.872201535801609,6.06711026135464,1.1794383525848389,0.6863913536071777,0.4930469989776611,106.04057772669192,77.91531241548284,1091.869531025607,6.306238983406604,0.9779673904180528,incorrect,not_full_up,rom_tidak_penuh
85,2026-06-15T03:15:24,S02,session_04,side,normal,biceps,right,52.05839508348437,0.4722259470943523,1.065017241362451,3.012105829739626,1.092440843582153,0.6838281154632568,0.4086127281188965,100.86220529920324,74.11248684855794,1075.0972040906918,2.008139958169474,0.9779459554702044,incorrect,not_full_up,rom_tidak_penuh
86,2026-06-15T03:15:28,S02,session_04,side,normal,biceps,right,49.34064914594384,0.755453956947881,0.8851838957737268,2.457036997390191,0.9281747341156006,0.4970889091491699,0.4310858249664306,107.01192527316954,98.34581189086052,1947.6766040451223,2.2568138088772134,0.981135446716238,incorrect,not_full_up,rom_tidak_penuh
87,2026-06-15T03:15:33,S02,session_04,side,normal,biceps,right,51.17396695713208,1.357175076810612,1.210744344361642,5.667674697878878,0.9276323318481444,0.4368355274200439,0.4907968044281006,111.50407729884505,80.71079307603827,1738.7466865477309,4.643694876782151,0.9840187235520436,incorrect,not_full_up,rom_tidak_penuh
88,2026-06-15T03:15:38,S02,session_04,side,normal,biceps,right,50.51849453656912,0.7608136407389761,1.3803881208008542,3.545439741128451,1.0462558269500732,0.7053000926971436,0.3409557342529297,109.05787973175738,85.13573927964656,1202.5181391359097,2.841789868939867,0.9839327282139232,incorrect,not_full_up,rom_tidak_penuh
89,2026-06-15T03:15:49,S02,session_04,side,normal,biceps,right,48.58591336938351,0.6192791693655935,1.3096726427299754,2.234760562630448,1.0959277153015137,0.6996562480926514,0.3962714672088623,94.9636329581064,89.9515938018271,2186.0641779198995,2.1812903359945683,0.9847104208809988,incorrect,not_full_up,rom_tidak_penuh
91,2026-06-15T03:16:30,S02,session_05,side,normal,biceps,left,78.057833431061,2.653257275400734,1.3191238970476027,6.867338837488979,0.4082992076873779,0.1047179698944091,0.3035812377929687,257.43160825679905,136.5771492856154,3199.4002276198,7.374991081970077,0.9769312801460424,incorrect,too_fast,tempo_terlalu_cepat
93,2026-06-15T03:16:43,S02,session_05,side,normal,biceps,left,127.28488721727312,3.402712424821518,1.804308847291284,9.124877684240989,0.5537195205688477,0.1827185153961181,0.3710010051727295,372.3102204082917,294.941837587916,8010.393275158716,9.861261973659529,0.9656156818072,incorrect,too_fast,tempo_terlalu_cepat
94,2026-06-15T03:16:48,S02,session_05,side,normal,biceps,left,121.00312517879864,3.6867942859780896,1.6618202666779869,11.62668946005627,0.5142405033111572,0.1505286693572998,0.3637118339538574,361.1908242798305,192.0332123273691,5524.309008094388,12.761335339301011,0.9405658115943272,incorrect,too_fast,tempo_terlalu_cepat
95,2026-06-15T03:16:51,S02,session_05,side,normal,biceps,left,110.48086206896328,3.959865850433439,1.1967347389050251,11.81537430426286,0.6039140224456787,0.201066255569458,0.4028477668762207,280.95521717213074,174.43938204851898,3118.7733328798727,12.638854742444856,0.9625779319750636,incorrect,too_fast,tempo_terlalu_cepat
96,2026-06-15T03:16:59,S02,session_05,side,normal,biceps,right,108.73423055794008,1.0051120488130432,2.002287757972799,4.74882846211258,0.5800271034240723,0.1903460025787353,0.3896811008453369,292.56086637138696,125.78948714405335,3158.707761553009,3.196539685355046,0.9832244598203236,incorrect,too_fast,tempo_terlalu_cepat
97,2026-06-15T03:17:23,S02,session_05,side,normal,biceps,right,107.55520968904284,1.091501831187337,1.3560513659507096,4.665836300920879,0.6254076957702637,0.2385056018829345,0.3869020938873291,311.99087839358305,201.29674729216785,6498.119871407585,3.898117449222292,0.9615928750289114,incorrect,too_fast,tempo_terlalu_cepat
98,2026-06-15T03:17:27,S02,session_05,side,normal,biceps,right,104.0359874598918,2.6169017243165285,0.9845549450843016,8.438484663786031,0.613034725189209,0.1969785690307617,0.4160561561584472,316.05622769208594,185.6402472303616,5996.208124103647,7.816567798047977,0.9844032424060922,incorrect,too_fast,tempo_terlalu_cepat
99,2026-06-15T03:17:31,S02,session_05,side,normal,biceps,right,104.46665673309384,4.144798033934423,2.0616184990942403,10.81024372504396,0.7111918926239014,0.338111400604248,0.3730804920196533,267.68331869077707,138.93825295647426,4696.46167148247,11.95074068036318,0.9832585394382476,incorrect,too_fast,tempo_terlalu_cepat
100,2026-06-15T03:17:35,S02,session_05,side,normal,biceps,right,108.43481429690198,2.903693204703048,2.0666004601028662,7.963547130236812,0.6610825061798096,0.2857739925384521,0.3753085136413574,282.13990610565133,194.11144968571284,5313.0997866226135,8.307165306973747,0.9815002366116172,incorrect,too_fast,tempo_terlalu_cepat
101,2026-06-15T03:18:16,S02,session_01,side,normal,triceps,left,96.3281835263133,1.3222824569509468,2.119667852948532,2.0756901636891967,2.444213390350342,1.222106695175171,1.222106695175171,80.20096987910227,93.44069866406684,1285.8414316626215,4.959978630952703,0.8903786355836524,correct,correct,good_form
102,2026-06-15T03:18:24,S02,session_01,side,normal,triceps,left,105.26577430417112,2.0012516075226263,2.3703047177303027,2.616257687257842,2.0967438220977783,1.0483719110488892,1.0483719110488892,95.20719520554316,101.11535210284732,1202.5437127572309,5.74848945275994,0.9326785377437068,correct,correct,good_form
103,2026-06-15T03:18:52,S02,session_01,side,normal,triceps,left,95.54359250542252,1.7155496698816446,2.0533307732611314,3.178225290258117,1.603637933731079,0.8018189668655396,0.8018189668655396,106.96848022711754,99.9512066998504,1145.9062963530123,6.571697475548372,0.9178434905285636,correct,correct,good_form
104,2026-06-15T03:18:57,S02,session_01,side,normal,triceps,left,96.94215954572908,2.1800081241923945,3.6087860043110913,6.327588723390603,1.2563166618347168,0.6281583309173584,0.6281583309173584,154.70991500479457,124.6867203681142,2617.099320783854,7.569932753376815,0.8970202935593469,correct,correct,good_form
105,2026-06-15T03:19:02,S02,session_01,side,normal,triceps,left,86.1492063705562,1.6096393237629494,2.361867368554535,2.159624764351112,1.2256550788879397,0.6128275394439697,0.6128275394439697,138.73255740073157,93.6115186002604,1804.0950857287223,5.480864226517404,0.9035028293728828,correct,correct,good_form
106,2026-06-15T03:19:08,S02,session_01,side,normal,triceps,left,85.98211539856624,1.422751907851023,2.3572471322070228,2.1512428965407016,1.3154006004333496,0.6577003002166748,0.6577003002166748,135.09419367664046,90.99261015925116,2543.4548213920343,3.9928917358966105,0.8994256036622184,correct,correct,good_form
107,2026-06-15T03:21:41,S02,session_01,side,normal,triceps,right,84.18733326915681,0.6762717010659599,2.1865416890205003,2.914668919474295,1.0852291584014893,0.5426145792007446,0.5426145792007446,165.10209990792222,130.79914098605417,3244.5483742746183,2.6287460197294843,0.9781691431999208,correct,correct,good_form
108,2026-06-15T03:21:49,S02,session_01,side,normal,triceps,right,89.63122806393952,0.660129238976609,1.1014957578885454,2.797545638071727,1.236503839492798,0.6182519197463989,0.6182519197463989,148.11822084965942,106.97801212550884,3471.7537213286128,1.983096637855928,0.9789617871244748,correct,correct,good_form
109,2026-06-15T03:21:54,S02,session_01,side,normal,triceps,right,80.85258253422069,1.1280261921523882,1.3635727454166278,3.411626449777004,1.365377426147461,0.6826887130737305,0.6826887130737305,118.91789422646366,87.32825877951565,1845.7923846495848,3.1622485357327816,0.9773507276002098,correct,correct,good_form
110,2026-06-15T03:22:00,S02,session_01,side,normal,triceps,right,80.13066555110578,1.4507626384573624,2.3243777651396025,3.872681192696645,1.4366734027862549,0.7183367013931274,0.7183367013931274,111.18663463202049,83.34088489061091,2090.603064834145,3.965283549014569,0.9751591400967704,correct,correct,good_form
111,2026-06-15T03:22:49,S02,session_02,side,normal,triceps,left,118.31389210725628,6.062116287291698,15.289795208255136,5.5060038657745,0.920320987701416,0.460160493850708,0.460160493850708,232.6695350122912,169.9785255614594,2838.659595549956,17.36623499020712,0.9361401590807684,incorrect,body_swing,badan_bergerak
112,2026-06-15T03:22:57,S02,session_02,side,normal,triceps,left,104.8555200561531,6.965561848973239,18.43123133745588,8.517112808498881,1.18798565864563,0.5939928293228149,0.5939928293228149,190.83954101806987,147.68786188115746,3339.9793119373367,21.09915739035212,0.9454365426467524,incorrect,body_swing,badan_bergerak
113,2026-06-15T03:23:03,S02,session_02,side,normal,triceps,left,114.65788352055996,7.727349419301477,19.652403569192696,5.457362957691037,1.0681493282318115,0.5340746641159058,0.5340746641159058,210.1390544029325,186.58993297177216,4234.45463573018,25.044439594609354,0.9529472788174947,incorrect,body_swing,badan_bergerak
114,2026-06-15T03:23:13,S02,session_02,side,normal,triceps,left,123.58512545116828,8.455610338577616,20.66488407392593,5.567059330453839,1.2384593486785889,0.6192296743392944,0.6192296743392944,190.10834546664296,151.35680629144088,3012.660090897258,25.08258041631185,0.930518622333939,incorrect,body_swing,badan_bergerak
115,2026-06-15T03:23:27,S02,session_02,side,normal,triceps,right,99.73073605804284,8.465025122116415,21.45055284966357,9.375083259276336,1.1221251487731934,0.5610625743865967,0.5610625743865967,185.521914991259,147.9645809162179,2576.5296693121004,29.81289878548601,0.9566681305877864,incorrect,body_swing,badan_bergerak
116,2026-06-15T03:23:35,S02,session_02,side,normal,triceps,right,93.0065930849491,7.826261329947926,18.66809058610665,8.308577202359293,1.1643612384796145,0.5821806192398071,0.5821806192398071,163.08080823980677,122.33672298231376,2568.8083238244185,26.0028152712813,0.9631963429205558,incorrect,body_swing,badan_bergerak
117,2026-06-15T03:23:41,S02,session_02,side,normal,triceps,right,89.94749539419992,7.290011713605957,18.078475212424493,4.76650589576177,1.348423957824707,0.6742119789123535,0.6742119789123535,139.23003038537246,105.11328955566172,2257.6818061823456,24.71621503707988,0.9592234301261412,incorrect,body_swing,badan_bergerak
118,2026-06-15T03:24:11,S02,session_03,side,normal,triceps,left,98.53998183331936,9.861891262738094,2.6939701201883874,26.789931835147183,1.284198760986328,0.6420993804931641,0.6420993804931641,132.89389059348326,125.37572540664377,1596.9327586664822,28.61815690406916,0.965274113573526,incorrect,elbow_swing,siku_maju_mundur
119,2026-06-15T03:24:16,S02,session_03,side,normal,triceps,left,85.10804108273004,12.078945451858354,1.4705725684417097,35.55872642710001,1.111241102218628,0.555620551109314,0.555620551109314,138.772138472136,147.37750879156394,2037.8604314109607,36.21938285425313,0.9813842159860274,incorrect,elbow_swing,siku_maju_mundur
120,2026-06-15T03:24:21,S02,session_03,side,normal,triceps,left,84.65351333316171,9.336427258933972,1.8141871532650025,28.828009655969623,1.124974012374878,0.562487006187439,0.562487006187439,138.8442794811891,156.1693253948603,3386.064770455606,28.956876512971824,0.9729465779029962,incorrect,elbow_swing,siku_maju_mundur
121,2026-06-15T03:24:26,S02,session_03,side,normal,triceps,left,98.974635489078,6.580747903413012,2.593043316532671,17.474974551071867,1.3079802989959717,0.6539901494979858,0.6539901494979858,152.3005366517376,122.81564174242662,1738.8091803028678,18.73416961126193,0.9704674325883388,incorrect,elbow_swing,siku_maju_mundur
122,2026-06-15T03:24:33,S02,session_03,side,normal,triceps,right,85.67427288724275,5.715880993392285,2.604946228896825,24.797859064207337,1.0596675872802734,0.5298337936401367,0.5298337936401367,166.49219955722054,161.0819712494189,5513.790128295238,22.3582519623928,0.97837545169938,incorrect,elbow_swing,siku_maju_mundur
123,2026-06-15T03:24:38,S02,session_03,side,normal,triceps,right,104.53620946778668,7.266428508538619,2.375652876142207,25.877033939192728,1.051267147064209,0.5256335735321045,0.5256335735321045,182.8437397479439,159.47901271204557,2382.975623322568,23.0370572947356,0.9828404442917916,incorrect,elbow_swing,siku_maju_mundur
124,2026-06-15T03:24:43,S02,session_03,side,normal,triceps,right,88.71553355562172,10.129671328017396,2.626518797290043,33.14915751990315,1.1528966426849363,0.5764483213424683,0.5764483213424683,153.02368780980075,125.38842605851318,2565.8213124703125,31.028793282653567,0.9861397817730904,incorrect,elbow_swing,siku_maju_mundur
125,2026-06-15T03:24:48,S02,session_03,side,normal,triceps,right,109.28946559140368,5.136986386919276,2.3180391214944573,18.182826458219782,1.3046646118164062,0.6523323059082031,0.6523323059082031,162.3298770863369,109.32931786068868,2385.9641565395245,15.932107212903745,0.9804719352238888,incorrect,elbow_swing,siku_maju_mundur
126,2026-06-15T03:25:28,S02,session_04,side,normal,triceps,left,57.84953162055453,1.2158349701629751,0.4740471630270495,4.555730115565972,0.9653847217559814,0.4826923608779907,0.4826923608779907,108.0117487704116,93.56394456493368,1647.0090865778666,4.095617773718965,0.9813612612157032,incorrect,not_full_up,rom_tidak_penuh
127,2026-06-15T03:25:37,S02,session_04,side,normal,triceps,left,49.96336752213101,1.2847744244133377,0.9337581102735648,5.54731777761188,1.0183610916137695,0.5091805458068848,0.5091805458068848,97.03840072561889,61.16690850522902,1912.481153937074,4.613256669617508,0.983075601550249,incorrect,not_full_up,rom_tidak_penuh
128,2026-06-15T03:25:43,S02,session_04,side,normal,triceps,left,43.2460191790034,0.7972906159194285,0.515752343025267,3.243056774624436,1.020594358444214,0.5102971792221069,0.5102971792221069,63.12762912814897,37.92277228601211,526.7215064835523,2.7438130539930032,0.9880549922104804,incorrect,not_full_up,rom_tidak_penuh
129,2026-06-15T03:25:49,S02,session_04,side,normal,triceps,left,43.46575445174916,0.5580743388418965,0.4739648201402903,1.7093032866944105,0.956623077392578,0.478311538696289,0.478311538696289,58.18399364489458,48.08056539842274,681.7268214728233,1.873449042625932,0.98609449431814,incorrect,not_full_up,rom_tidak_penuh
130,2026-06-15T03:26:04,S02,session_04,side,normal,triceps,right,37.365568171056914,0.8375994897737441,0.1992531119803356,3.217662707444615,1.1963956356048584,0.5981978178024292,0.5981978178024292,49.73820830636152,44.17436711190232,823.2025532241057,3.287005180285113,0.992423717890467,incorrect,not_full_up,rom_tidak_penuh
131,2026-06-15T03:26:10,S02,session_04,side,normal,triceps,right,38.95782512132868,1.014090580941879,0.5466440938640333,2.8001695776685604,0.9733066558837892,0.4866533279418945,0.4866533279418945,70.58526109701944,50.87750627415498,983.6274318390762,2.6589007377411544,0.991521734882284,incorrect,not_full_up,rom_tidak_penuh
132,2026-06-15T03:26:23,S02,session_04,side,normal,triceps,right,52.22476212896738,0.6000365344907721,0.2526819353893477,2.193290862618919,1.4040513038635254,0.7020256519317627,0.7020256519317627,54.58875788935764,34.36546759591284,722.5183704975979,2.284079448226437,0.9922787005581508,incorrect,not_full_up,rom_tidak_penuh
133,2026-06-15T03:26:34,S02,session_04,side,normal,triceps,right,47.73344959050024,1.0303693127111158,0.9502668700818836,3.790768754301572,1.1614656448364258,0.5807328224182129,0.5807328224182129,70.12172133840969,50.22426608920626,891.5810294047184,3.5642905812277266,0.9900606235160548,incorrect,not_full_up,rom_tidak_penuh
134,2026-06-15T03:26:53,S02,session_04,side,normal,triceps,right,41.875496647630094,0.3499684599145696,0.635770637902612,1.1051705714516644,1.466480016708374,0.733240008354187,0.733240008354187,55.7770124057914,40.5770103307262,858.9364939523646,1.118473299894531,0.9846869983843396,incorrect,not_full_up,rom_tidak_penuh
135,2026-06-15T03:27:19,S02,session_05,side,normal,triceps,left,94.55446519798186,1.1253423383430827,2.909560441656514,4.298285253759753,0.6534543037414551,0.6225862503051758,0.0308680534362792,242.20561217798908,151.22927461568418,3381.255802488693,3.26997824906084,0.9461245503690509,incorrect,too_fast,tempo_terlalu_cepat
136,2026-06-15T03:27:25,S02,session_05,side,normal,triceps,left,93.9159994663883,1.6716478540366246,0.9401933991491482,5.223043451251885,0.6238622665405273,0.3119311332702636,0.3119311332702636,251.3197891050015,124.4615792425832,2919.1930597612977,4.867814818767197,0.9506040482144608,incorrect,too_fast,tempo_terlalu_cepat
137,2026-06-15T03:27:29,S02,session_05,side,normal,triceps,left,102.46273299005722,1.8039891830461967,0.6386474319274454,4.969237484266989,0.4360356330871582,0.3965728282928467,0.0394628047943115,326.8263528795849,218.0526863294568,5826.79147935175,4.9397078115197175,0.9790413294519696,incorrect,too_fast,tempo_terlalu_cepat
138,2026-06-15T03:27:34,S02,session_05,side,normal,triceps,left,93.53385892845476,1.3001263907761968,2.3082544241260528,5.887171318850378,0.6217448711395264,0.3108724355697632,0.3108724355697632,229.7996695377672,157.36250023891992,2855.081242408078,5.039984585856641,0.9596784509280148,incorrect,too_fast,tempo_terlalu_cepat
139,2026-06-15T03:27:41,S02,session_05,side,normal,triceps,right,89.25510153417865,1.3428901044835029,2.223427900809102,4.559639948629384,0.4362139701843261,0.218106985092163,0.218106985092163,272.19887537403423,154.119799251963,5897.00045660672,4.805402394133058,0.9923315346240996,incorrect,too_fast,tempo_terlalu_cepat
140,2026-06-15T03:27:50,S02,session_05,side,normal,triceps,right,87.09598442819166,2.877212609045833,1.2445863546090024,8.461485631817405,0.5223875045776367,0.2611937522888183,0.2611937522888183,256.3140582287456,147.5570744246501,3875.984595876989,7.532379605049617,0.9892263253529866,incorrect,too_fast,tempo_terlalu_cepat
141,2026-06-15T03:27:57,S02,session_05,side,normal,triceps,right,93.541278705424,1.3361912316670514,0.9898741999456332,4.638123431497851,0.5621697902679443,0.2810848951339721,0.2810848951339721,215.13381185054945,188.36462147326995,4914.54329784445,3.864225847202448,0.9864360392093658,incorrect,too_fast,tempo_terlalu_cepat
142,2026-06-15T03:28:00,S02,session_05,side,normal,triceps,right,90.78190677447006,1.062051496575282,0.5945151837614296,4.666788516680241,0.5834157466888428,0.2917078733444214,0.2917078733444214,236.4456017952764,151.80948793211758,5127.161040429665,3.833592374121989,0.9866133944855796,incorrect,too_fast,tempo_terlalu_cepat
143,2026-06-15T03:28:05,S02,session_05,side,normal,triceps,right,93.4601390329682,0.6485577416963747,2.464974071511078,1.7201850113958903,0.6486349105834961,0.324317455291748,0.324317455291748,258.80012063361625,183.0845741144276,5737.607081182181,1.6823200395954638,0.9847422796818944,incorrect,too_fast,tempo_terlalu_cepat
144,2026-06-15T03:28:10,S02,session_05,side,normal,triceps,right,101.59131903690724,0.5479732677518339,2.909525920108412,3.12042379926454,0.5606091022491455,0.2803045511245727,0.2803045511245727,327.56534907733595,261.36699420776085,7940.237008262929,2.200589871662096,0.9828786542639136,incorrect,too_fast,tempo_terlalu_cepat
151,2026-06-11T02:49:49,S04,session_01,side,normal,biceps,right,88.48111311332802,1.9311796923829028,1.4607092766929466,6.461524806237242,2.782959222793579,1.884294271469116,0.8986649513244629,69.97510721636075,105.11289191746584,3093.991199032216,6.864461923625353,0.962283425578257,correct,correct,good_form
153,2026-06-11T02:50:20,S04,session_01,side,normal,biceps,right,67.43330494217122,0.7476643323693204,1.1067263328106534,4.289622356497809,2.8521759510040283,1.4152729511260986,1.4369029998779297,41.74511752929635,53.29562480876633,1161.4120468661235,2.9545332149984955,0.9650083508342504,correct,correct,good_form
154,2026-06-11T02:50:35,S04,session_01,side,normal,biceps,right,84.04180483997456,3.16675187375692,1.0919094762620367,7.803048002363193,2.87908673286438,1.6426458358764648,1.236440896987915,66.25438970773105,51.70287320904033,984.5346378230566,8.657972949319237,0.9443407456080118,correct,correct,good_form
155,2026-06-11T02:50:44,S04,session_01,side,normal,biceps,right,85.15135443019918,1.6935129080294995,1.1568377408434332,4.749873822254608,3.1018495559692383,1.8129520416259768,1.2888975143432615,60.28376836955773,56.320175732508304,1349.0288416200196,5.631372699026858,0.9620013115825232,correct,correct,good_form
157,2026-06-11T02:51:11,S04,session_01,side,normal,biceps,left,109.3654239100434,1.994953495788752,3.420491146559293,7.417062929912037,2.81384015083313,1.531257152557373,1.2825829982757568,74.86712572335209,57.77729890162229,1162.4931052893655,6.021842867793001,0.968223391035024,correct,correct,good_form
162,2026-06-11T03:12:17,S04,session_02,side,normal,biceps,right,91.0230276538608,9.15097010384219,11.10941955887196,22.00184217546114,1.0304877758026123,0.4335432052612304,0.5969445705413818,181.4808206277249,207.6349859739059,6402.3634865548165,28.83024676349943,0.940245239004012,incorrect,body_swing,badan_bergerak
164,2026-06-11T03:12:39,S04,session_02,side,normal,biceps,right,82.71318299874406,7.494224828614205,6.6678529108938935,18.42188860391353,1.1173818111419678,0.6670126914978027,0.450369119644165,239.018764858896,188.20607713487868,6578.278193901927,22.907315628081488,0.9048855883233689,incorrect,body_swing,badan_bergerak
165,2026-06-11T03:13:04,S04,session_02,side,normal,biceps,left,106.75838506259576,3.3630798453902067,11.454280594037776,5.287291743289372,0.908825159072876,0.4780893325805664,0.4307358264923095,222.94151122191448,165.44180413860107,3635.980016706751,13.904512148498435,0.9384582613048882,incorrect,body_swing,badan_bergerak
166,2026-06-11T03:13:11,S04,session_02,side,normal,biceps,left,101.90590705658164,10.517925052899162,7.358316093526165,24.75357550585824,0.8893637657165527,0.2871994972229004,0.6021642684936523,237.5391363437567,268.9226533067543,7526.431689590935,32.01843600384137,0.9438357226274632,incorrect,body_swing,badan_bergerak
168,2026-06-11T03:13:28,S04,session_02,side,normal,biceps,left,101.444665387663,12.449673511306678,8.49490144950524,30.12282435586061,1.0496468544006348,0.6785249710083008,0.371121883392334,195.5369431911485,212.1002390329396,5536.308705587726,39.69019211348917,0.9457854714357492,incorrect,body_swing,badan_bergerak
169,2026-06-11T03:14:47,S04,session_03,side,normal,biceps,left,92.72980054938984,17.165968614821974,1.899631005185624,57.01598639161753,1.5623369216918943,1.1290221214294434,0.4333148002624511,135.38814895952345,112.11607784931486,3433.692636971621,56.41500273817224,0.931518794691309,incorrect,elbow_swing,siku_maju_mundur
170,2026-06-11T03:14:56,S04,session_03,side,normal,biceps,left,91.51445305432,20.19003028469486,1.7468338066132003,73.0541360473681,1.0723919868469238,0.904855489730835,0.1675364971160888,237.1093386628905,254.60355848054363,7218.174586342738,72.66801100541706,0.9159376497779572,incorrect,elbow_swing,siku_maju_mundur
171,2026-06-11T03:15:03,S04,session_03,side,normal,biceps,left,74.26018188809242,15.268698129918544,3.6827858951226418,47.97770350805561,0.9238872528076172,0.3238627910614013,0.6000244617462158,186.56647600480787,211.1368017570533,7221.035084662293,46.87960806552636,0.9062926779533256,incorrect,elbow_swing,siku_maju_mundur
172,2026-06-11T03:15:38,S04,session_03,side,normal,biceps,left,84.3325230073477,16.55405869394558,1.927021103369268,54.291575603056,1.640660524368286,1.1980817317962646,0.4425787925720215,120.6305340175884,95.89914159105028,2622.49570120066,52.75903966691797,0.9101658153290652,incorrect,elbow_swing,siku_maju_mundur
173,2026-06-11T03:16:01,S04,session_03,side,normal,biceps,right,103.06169741853212,13.482932225123731,2.217300906191331,46.435600543925496,1.939084529876709,1.149209976196289,0.7898745536804199,108.12890515399047,112.44012393708616,2864.3272303253875,42.4391123076123,0.9742872871850666,incorrect,elbow_swing,siku_maju_mundur
174,2026-06-11T03:16:09,S04,session_03,side,normal,biceps,right,85.94286411366448,9.287613793090175,3.565132181170158,31.497716278142747,1.8009612560272217,1.112251043319702,0.6887102127075195,103.79773834418992,108.10431780413695,3057.477099911099,31.819378518664728,0.9836122319102288,incorrect,elbow_swing,siku_maju_mundur
175,2026-06-11T03:16:16,S04,session_03,side,normal,biceps,right,75.32442089566479,10.753479611526092,3.557916276692822,36.25394162756736,1.4915213584899902,1.0247273445129397,0.4667940139770508,123.86724926674468,117.85773998245716,2768.3554915049044,35.82587863686543,0.9677077170875338,incorrect,elbow_swing,siku_maju_mundur
176,2026-06-11T03:16:23,S04,session_03,side,normal,biceps,right,106.7688769380316,10.221264425138228,3.588343266311022,34.73105882045946,1.8659048080444336,0.9901809692382812,0.8757238388061523,118.01244286669996,102.20554057764454,2202.3295752135195,35.13549706214494,0.9735083308136254,incorrect,elbow_swing,siku_maju_mundur
177,2026-06-11T03:16:38,S04,session_03,side,normal,biceps,right,59.71220126255771,10.48744128688832,2.1840331539558706,35.702611021282124,1.7034761905670166,1.1372909545898438,0.5661852359771729,76.0654587050612,74.51358318286158,2048.864084762292,33.0258088298243,0.9802412319068724,incorrect,elbow_swing,siku_maju_mundur
178,2026-06-11T03:16:52,S04,session_03,side,normal,biceps,right,94.51716649847714,12.97485270869567,3.061480353293243,43.05739554352411,2.4891903400421143,1.320728063583374,1.1684622764587402,74.1781972998781,64.31373325181683,1612.5388405206647,39.36349035728622,0.9745455925931802,incorrect,elbow_swing,siku_maju_mundur
179,2026-06-11T03:17:47,S04,session_04,side,normal,biceps,right,72.99031397567867,1.6443694480682036,3.862630205398804,3.376756399692181,1.2001404762268066,0.681110143661499,0.5190303325653076,136.49359426805353,99.52282329934964,2235.9708617141123,5.032365236304247,0.9596484256642204,incorrect,not_full_up,rom_tidak_penuh
180,2026-06-11T03:17:55,S04,session_04,side,normal,biceps,right,64.23221532056772,0.507001900451253,2.7092141249544275,5.569722444449889,1.5016868114471436,1.04419207572937,0.4574947357177734,95.73624084292216,96.8946634420398,2191.608764651024,1.9187655236750527,0.967939462998639,incorrect,not_full_up,rom_tidak_penuh
181,2026-06-11T03:18:01,S04,session_04,side,normal,biceps,right,41.83683117041018,0.3671241039833318,3.3599093783524947,4.614240683294532,1.6272859573364258,0.8321976661682129,0.7950882911682129,57.305659559543855,46.7580915971077,903.0905657607758,1.4353528494395906,0.9773100060224532,incorrect,not_full_up,rom_tidak_penuh
182,2026-06-11T03:18:14,S04,session_04,side,normal,biceps,right,62.16163206874987,0.8404857601303829,1.7403008996010376,3.376165396326089,1.921850681304932,1.2951617240905762,0.6266889572143555,69.15778325151506,41.33115673080168,955.8758918779338,3.5966844882335973,0.9450743404527504,incorrect,not_full_up,rom_tidak_penuh
184,2026-06-11T03:18:55,S04,session_04,side,normal,biceps,left,62.13143351126463,1.487364124648202,3.5881401858460475,5.096083811712334,1.7367677688598633,1.203489065170288,0.5332787036895752,81.26846766553454,50.47953102465526,1018.5321253965268,4.523037864791055,0.9649452593922616,incorrect,not_full_up,rom_tidak_penuh
185,2026-06-11T03:19:02,S04,session_04,side,normal,biceps,left,59.63880868890186,1.547046170466496,2.978936859271512,7.116959574153949,0.9576959609985352,0.317026138305664,0.6406698226928711,87.98120215859026,79.66422819886066,1407.8340371275135,4.925159830032469,0.9710012134806864,incorrect,not_full_up,rom_tidak_penuh
186,2026-06-11T03:19:10,S04,session_04,side,normal,biceps,left,78.78973089578129,1.414363192811236,4.379430422711991,8.798950893832561,1.934473991394043,1.1893632411956787,0.7451107501983643,91.12305683899378,67.5187274874892,1480.817287066602,4.195760533444404,0.961667171391574,incorrect,not_full_up,rom_tidak_penuh
187,2026-06-11T03:19:17,S04,session_04,side,normal,biceps,left,60.49626542344341,1.9318284066254083,4.040890757426377,8.702731467242861,1.431956768035889,0.8373713493347168,0.5945854187011719,90.50131286662332,54.19772847312458,1147.33849478727,4.9189217624110215,0.9517593316056512,incorrect,not_full_up,rom_tidak_penuh
189,2026-06-11T03:19:35,S04,session_04,side,normal,biceps,left,55.77808748027999,0.9090362389224946,4.593231080991268,6.441866451334773,2.226001977920532,1.613544225692749,0.6124577522277832,54.12476351146488,38.39798162453183,932.8826585939177,2.9554603177448384,0.9419203792045364,incorrect,not_full_up,rom_tidak_penuh
191,2026-06-11T03:53:35,S04,session_05,side,normal,biceps,right,108.60499002132188,3.176976813943672,1.838911464988228,4.518955026793643,0.6817035675048828,0.3034491539001465,0.3782544136047363,311.8547542490138,259.7259709129537,6211.841783911141,8.829024945483038,0.9442701233284814,incorrect,too_fast,tempo_terlalu_cepat
192,2026-06-11T03:53:43,S04,session_05,side,normal,biceps,right,100.61388792333832,1.4351189073419184,1.6511080318144835,8.771451227878728,0.6714017391204834,0.3085520267486572,0.3628497123718261,291.66725487937424,218.0519587539337,5085.006900362838,4.3426444484945845,0.9590093656664804,incorrect,too_fast,tempo_terlalu_cepat
193,2026-06-11T03:53:48,S04,session_05,side,normal,biceps,right,110.06677936417034,5.2351123652464935,2.061721028814897,9.755086761717326,0.6063475608825684,0.2716138362884521,0.3347337245941162,305.38434360161455,255.08912358409864,4926.924520288452,14.17413392585445,0.9503951613840304,incorrect,too_fast,tempo_terlalu_cepat
194,2026-06-11T03:53:53,S04,session_05,side,normal,biceps,right,127.82678090776322,1.9889490317040528,1.4236253045803835,9.787543208053805,0.3853354454040527,0.0949788093566894,0.2903566360473633,441.57174993817256,334.0872679216657,10917.013306539457,6.581522345779123,0.9558588277835112,incorrect,too_fast,tempo_terlalu_cepat
195,2026-06-11T03:54:03,S04,session_05,side,normal,biceps,left,114.84490333639847,4.031787056724013,1.4635604327424194,15.925676598792617,0.3604371547698974,0.0671813488006591,0.2932558059692383,497.1455562767548,453.24291821735824,14562.785214754254,14.065796919569308,0.9374225835005442,incorrect,too_fast,tempo_terlalu_cepat
196,2026-06-11T03:54:09,S04,session_05,side,normal,biceps,left,113.16629741978905,2.8593247269804136,3.340287135698186,11.307604154588493,0.510209321975708,0.1720983982086181,0.3381109237670898,424.40715429563465,317.49750916426854,9949.35809320962,9.404720809189678,0.9613646445795894,incorrect,too_fast,tempo_terlalu_cepat
197,2026-06-11T03:54:13,S04,session_05,side,normal,biceps,left,122.32037694448168,2.2928796697980425,1.633310569135677,8.159236577731164,0.4519355297088623,0.1733753681182861,0.2785601615905761,426.3571463364655,271.0843538323217,9736.522259380565,7.469694116620498,0.9578957429953984,incorrect,too_fast,tempo_terlalu_cepat
198,2026-06-11T03:54:18,S04,session_05,side,normal,biceps,left,115.6723185349046,2.038703770213309,1.4897087986300503,7.666580154990346,0.6547770500183105,0.2777128219604492,0.3770642280578613,339.08193784204366,222.35246254331915,6556.351581800279,6.97550762777345,0.9680599689483642,incorrect,too_fast,tempo_terlalu_cepat
199,2026-06-11T03:54:23,S04,session_05,side,normal,biceps,left,115.25189861139762,2.663912936780988,1.266537061937358,8.590905052776169,0.5284740924835205,0.1977016925811767,0.3307723999023437,338.1813815819287,271.5642884822089,5712.9405817500365,8.011565860809446,0.9694881465505152,incorrect,too_fast,tempo_terlalu_cepat
201,2026-06-11T03:59:00,S04,session_01,side,normal,triceps,right,106.09284062529008,1.7934641265780566,2.717687957876402,7.832110817836641,1.5797631740570068,0.7898815870285034,0.7898815870285034,139.57935619297265,97.68015973398204,2384.8135109019154,8.084142083317902,0.93807394862175,correct,correct,good_form
202,2026-06-11T03:59:10,S04,session_01,side,normal,triceps,right,102.17968714480982,1.0470529273369542,1.8974139607123448,4.694687982230319,1.5557968616485596,0.7778984308242798,0.7778984308242798,137.02613483355546,108.45791873580538,2131.6872364180986,5.53060815072467,0.953518937693702,correct,correct,good_form
203,2026-06-11T04:00:07,S04,session_01,side,normal,triceps,left,104.48348500135322,1.5409339842854015,4.323404197210058,7.922603560062097,1.514951229095459,0.7574756145477295,0.7574756145477295,152.35991213355908,100.905351123824,2692.594027047974,5.890020678059192,0.957168799703536,correct,correct,good_form
204,2026-06-11T04:00:24,S04,session_01,side,normal,triceps,left,106.84320239276236,1.2735365570448596,3.99475078172464,2.998590710343837,1.6821608543395996,0.8410804271697998,0.8410804271697998,120.22088021944468,94.17155230687524,1992.970041740827,4.932364786739337,0.9587138315965964,correct,correct,good_form
205,2026-06-11T04:00:33,S04,session_01,side,normal,triceps,left,100.20351835830247,0.8330485890675033,4.993183948706297,5.105586635133109,1.7631478309631348,0.8815739154815674,0.8815739154815674,108.56156807363584,99.31005688631244,1711.178326080149,3.104845338366675,0.950731547979208,correct,correct,good_form
206,2026-06-11T04:00:41,S04,session_01,side,normal,triceps,left,103.02467476672513,0.9108014314083708,3.80663696268399,4.625213236956535,1.9424045085906985,0.9712022542953492,0.9712022542953492,111.36418025055188,85.22232289118794,1815.2512257631588,3.12560124351934,0.9566908663107176,correct,correct,good_form
207,2026-06-11T04:00:53,S04,session_01,side,normal,triceps,right,102.63160252939204,1.9068343789754656,2.5405687066719813,8.502079350990538,1.8763668537139893,0.9381834268569946,0.9381834268569946,115.10504217935718,89.62448007865883,1870.2573553466168,8.097980142357283,0.9574502824168456,correct,correct,good_form
208,2026-06-11T04:01:00,S04,session_01,side,normal,triceps,right,106.01829207035948,2.1333466784207764,2.32027505876396,5.709705724583172,2.039764642715454,1.019882321357727,1.019882321357727,100.74962236989606,81.16309006262347,1566.0055628472242,6.938568933673941,0.9406022834591568,correct,correct,good_form
209,2026-06-11T04:01:19,S04,session_01,side,normal,triceps,right,95.0983659475365,1.760037388973008,2.205691802802282,5.108256553672193,1.8713138103485107,0.9356569051742554,0.9356569051742554,97.95305023179512,80.31113057584925,1841.425198965039,6.114715270550893,0.949421528460724,correct,correct,good_form
210,2026-06-11T04:01:29,S04,session_01,side,normal,triceps,right,96.62485013912251,1.0041194438518626,2.714758573703092,2.7841680900623014,1.9250383377075195,0.9625191688537598,0.9625191688537598,100.79377595144402,84.6880419750708,1203.7360547324408,4.222817608012988,0.9503442220768686,correct,correct,good_form
211,2026-06-11T04:02:42,S04,session_02,side,normal,triceps,left,129.99232087416107,7.930172486160453,9.756448581994968,18.368281486901203,1.9421381950378416,0.1861462593078613,1.7559919357299805,157.5670871624076,148.28692611655558,5112.87818219106,24.299287686722845,0.9656331191460292,incorrect,body_swing,badan_bergerak
212,2026-06-11T04:02:52,S04,session_02,side,normal,triceps,left,104.92243412647508,6.466538796770952,11.742953930005056,14.424945398464104,1.2460389137268066,0.6230194568634033,0.6230194568634033,166.5359077097506,120.70647325892293,3221.7154186032426,21.588623853242204,0.9618013830561388,incorrect,body_swing,badan_bergerak
213,2026-06-11T04:03:04,S04,session_02,side,normal,triceps,left,102.8610939034879,5.282990175087444,12.16752462948306,5.686044831200507,1.6275641918182373,0.8137820959091187,0.8137820959091187,130.95319421276713,108.78422730320922,2782.2967010108846,16.688110992670378,0.9354516834020614,incorrect,body_swing,badan_bergerak
214,2026-06-11T04:03:11,S04,session_02,side,normal,triceps,left,115.87247069551228,8.573773339996078,11.986430168375962,12.079483313948804,1.1412413120269775,0.5706206560134888,0.5706206560134888,210.6613882698328,162.39698778188833,4137.292749993952,23.695263683554536,0.9522022417613438,incorrect,body_swing,badan_bergerak
215,2026-06-11T04:03:20,S04,session_02,side,normal,triceps,right,116.42078579029392,3.3496337042198694,7.188427959097007,19.298747002781653,1.202984094619751,0.6014920473098755,0.6014920473098755,217.86536864310463,156.640343500553,5199.898589749989,12.937819993460357,0.8959726477796967,incorrect,body_swing,badan_bergerak
216,2026-06-11T04:03:27,S04,session_02,side,normal,triceps,right,122.09157644058786,3.932205383523367,6.702903675401703,5.799199518627858,1.1495916843414309,0.5747958421707153,0.5747958421707153,207.7415896733923,152.37329456397882,3692.366862084681,12.374175554141026,0.9208025102679794,incorrect,body_swing,badan_bergerak
217,2026-06-11T04:03:32,S04,session_02,side,normal,triceps,right,124.41329122954436,5.131403746877327,8.197804840391164,7.865003167261827,1.303431272506714,0.6517156362533569,0.6517156362533569,200.1233191024035,131.41749807398003,3421.410601087516,15.376092045542345,0.9041369780898094,incorrect,body_swing,badan_bergerak
218,2026-06-11T04:03:37,S04,session_02,side,normal,triceps,right,124.76741123933874,5.673021457489392,7.547281975346577,9.213388118416615,1.2009499073028564,0.6004749536514282,0.6004749536514282,225.647581890813,144.9205430001314,3578.3621102525053,16.377253556856196,0.8887498684619602,incorrect,body_swing,badan_bergerak
219,2026-06-11T04:04:41,S04,session_03,side,normal,triceps,right,120.17061051405764,11.859542741070896,4.178867405755803,43.16922680294408,1.150388479232788,0.575194239616394,0.575194239616394,292.3958455934993,233.2682483239136,9409.964480167091,37.92995037915867,0.9498347068826356,incorrect,elbow_swing,siku_maju_mundur
220,2026-06-11T04:04:47,S04,session_03,side,normal,triceps,right,130.15833865736232,8.98944118963832,4.978170624189181,35.103613481146,1.024266481399536,0.5121332406997681,0.5121332406997681,370.1293654700143,376.4794708434808,12534.608219614758,29.224975965976007,0.9425468989647924,incorrect,elbow_swing,siku_maju_mundur
221,2026-06-11T04:04:54,S04,session_03,side,normal,triceps,right,110.34732409071783,7.133733023421759,2.61015231240483,25.69841992012505,1.5590968132019043,0.7795484066009521,0.7795484066009521,198.3776387542229,227.53271727266767,7373.117515592043,19.945948281562984,0.9495824184268712,incorrect,elbow_swing,siku_maju_mundur
222,2026-06-11T04:05:01,S04,session_03,side,normal,triceps,right,102.67088130089832,8.357079704702684,2.426212378562364,31.864934425007096,1.6684563159942627,0.8342281579971313,0.8342281579971313,183.4734082377581,202.0070954328948,5664.29820953206,26.84924175669323,0.9526119834184646,incorrect,elbow_swing,siku_maju_mundur
223,2026-06-11T04:05:14,S04,session_03,side,normal,triceps,left,116.20135788494376,11.248498171729285,5.214786809740306,35.9306231711451,1.4999442100524902,0.7499721050262451,0.7499721050262451,267.82139786742425,367.0621452305079,12061.693218050514,31.553029323528072,0.9560049483957498,incorrect,elbow_swing,siku_maju_mundur
224,2026-06-11T04:05:21,S04,session_03,side,normal,triceps,left,120.90847693162203,8.265608939047898,4.37970052011014,25.56143395721632,1.5539138317108154,0.7769569158554077,0.7769569158554077,196.439665319762,169.51561503676604,4884.157594872524,22.663145699472487,0.9577295621857048,incorrect,elbow_swing,siku_maju_mundur
225,2026-06-11T04:05:26,S04,session_03,side,normal,triceps,left,120.8862346623039,6.980337133832489,4.467599170732149,20.26171531266043,1.440692901611328,0.7203464508056641,0.7203464508056641,198.52393841546063,160.9683395941573,5890.5306148883565,19.99848582008577,0.9723585327466328,incorrect,elbow_swing,siku_maju_mundur
226,2026-06-11T04:05:33,S04,session_03,side,normal,triceps,left,111.21283166859487,5.21829808843642,4.196012690696468,14.350777683380764,1.4852595329284668,0.7426297664642334,0.7426297664642334,184.80409046150888,135.4425957687417,4395.682202656733,14.913219540273944,0.971746481458346,incorrect,elbow_swing,siku_maju_mundur
227,2026-06-11T04:05:48,S04,session_03,side,normal,triceps,left,140.77103305630638,7.560872067704145,4.762254103312255,25.592469519300806,1.4397902488708496,0.3622384071350097,1.0775518417358398,425.6259818512748,806.4966633408817,26217.17568807725,22.92889264920951,0.9749802374177508,incorrect,elbow_swing,siku_maju_mundur
228,2026-06-11T04:06:30,S04,session_05,side,normal,triceps,right,120.68606180964908,2.917177390158594,2.2224974743448893,13.08919899802087,0.9507591724395752,0.4753795862197876,0.4753795862197876,361.6959177928382,242.48141552105537,5801.247540961449,11.631386237192942,0.9581695375964046,incorrect,too_fast,tempo_terlalu_cepat
229,2026-06-11T04:06:43,S04,session_05,side,normal,triceps,right,125.56726401958213,2.704393425484636,2.809661822702974,10.978238470383308,0.6463170051574707,0.3231585025787353,0.3231585025787353,623.1706874690199,393.2154174253813,14101.628828642004,11.580157045128098,0.9591270003999982,incorrect,too_fast,tempo_terlalu_cepat
230,2026-06-11T04:06:50,S04,session_05,side,normal,triceps,right,106.61705076097252,2.3708604999717706,1.6578182570837792,4.900812758446499,0.9357202053070068,0.4678601026535034,0.4678601026535034,394.3640065620442,303.2853427497797,13517.966255736002,7.908152771548917,0.9441987872123718,incorrect,too_fast,tempo_terlalu_cepat
231,2026-06-11T04:06:56,S04,session_05,side,normal,triceps,right,124.30161628820942,2.627510958821668,2.64069666816576,7.212972834086591,0.7349810600280762,0.3674905300140381,0.3674905300140381,338.42281639084746,217.1633633541467,6780.591170056429,10.79124620698415,0.9450921170089556,incorrect,too_fast,tempo_terlalu_cepat
232,2026-06-11T04:07:08,S04,session_05,side,normal,triceps,left,123.72917637030451,2.48684720077901,3.99423983219689,11.369211088733078,0.6424651145935059,0.3212325572967529,0.3212325572967529,345.35870408279965,210.23634494380792,6056.235661291251,9.795136495784549,0.9496758715027854,incorrect,too_fast,tempo_terlalu_cepat
233,2026-06-11T04:07:13,S04,session_05,side,normal,triceps,left,123.12220729376374,4.437395023169634,2.830621502182583,14.350971770874226,0.7812955379486084,0.3906477689743042,0.3906477689743042,275.8383343231271,230.24830867699907,6356.173401988452,12.630834801157777,0.9583021917690834,incorrect,too_fast,tempo_terlalu_cepat
234,2026-06-11T04:07:18,S04,session_05,side,normal,triceps,left,119.64568367098664,1.241974118005995,2.62025885055853,6.268776337714222,0.8321208953857422,0.4160604476928711,0.4160604476928711,259.5505228625965,185.0264715920742,4181.235691707509,4.914720049486016,0.9641795576764988,incorrect,too_fast,tempo_terlalu_cepat
235,2026-06-11T04:07:22,S04,session_05,side,normal,triceps,left,119.03081694985426,2.724026810749072,1.837701878930132,6.51257246291824,0.8325185775756836,0.4162592887878418,0.4162592887878418,265.3238058746432,180.4111801710955,3438.475073793485,9.125568049795085,0.95645434781909,incorrect,too_fast,tempo_terlalu_cepat
236,2026-06-11T04:22:09,S04,session_04,side,normal,triceps,left,58.68673158933821,0.6697803853452016,0.7635586332378688,2.631524278102966,1.6870925426483154,0.8435462713241577,0.8435462713241577,62.35129410139918,78.1539186443754,1329.9866956228573,2.6370116618414445,0.9850986970990312,incorrect,not_full_up,rom_tidak_penuh
237,2026-06-11T04:22:19,S04,session_04,side,normal,triceps,left,50.142769749848185,0.3075738466846665,0.9027624862710326,1.7749755877878215,1.4662466049194336,0.7331233024597168,0.7331233024597168,56.421376680254525,67.07174467955662,733.9628053814537,1.1442979858351858,0.9850093950827916,incorrect,not_full_up,rom_tidak_penuh
238,2026-06-11T04:22:27,S04,session_04,side,normal,triceps,left,49.95310031674672,0.7567587051323763,0.9424480967343384,3.1430622589731576,1.339564561843872,0.669782280921936,0.669782280921936,72.68002431584732,57.60319968822761,917.1171488083736,2.548737537579852,0.9826327031705436,incorrect,not_full_up,rom_tidak_penuh
239,2026-06-11T04:22:33,S04,session_04,side,normal,triceps,left,44.72748821114595,0.648099718730644,1.0064043694256617,3.3495644438636587,1.1677360534667969,0.5838680267333984,0.5838680267333984,71.70346922532869,69.15175776225233,1223.264096493785,2.448177200561781,0.9759964268240664,incorrect,not_full_up,rom_tidak_penuh
240,2026-06-11T04:22:39,S04,session_04,side,normal,triceps,left,60.60017440124913,0.6363677269645228,0.8381442258559991,2.614828788627028,1.4192533493041992,0.7096266746520996,0.7096266746520996,72.71931973889949,51.084310070475134,772.2148244471567,2.1432289546555845,0.9774354703204576,incorrect,not_full_up,rom_tidak_penuh
241,2026-06-11T04:22:47,S04,session_04,side,normal,triceps,right,45.03069027847426,0.7959737710213994,0.8987081858988064,2.7948009359901853,1.4704973697662354,0.7352486848831177,0.7352486848831177,57.29930223068124,49.42993494820198,850.1708414014925,2.34465173439588,0.96208133134577,incorrect,not_full_up,rom_tidak_penuh
242,2026-06-11T04:22:53,S04,session_04,side,normal,triceps,right,49.13137585588546,2.3519436721048343,0.8835803034874246,8.323058615376336,1.2406630516052246,0.6203315258026123,0.6203315258026123,81.38587737733033,65.98202361991177,1110.2150500374155,8.063883020187745,0.9694439138357456,incorrect,not_full_up,rom_tidak_penuh
243,2026-06-11T04:23:00,S04,session_04,side,normal,triceps,right,54.49812425304807,1.3130382776187173,0.9713288617276634,5.627723379713075,1.2411293983459473,0.6205646991729736,0.6205646991729736,80.7929070930478,42.61366279698253,906.5426636189816,4.5303867060480645,0.9682033826646051,incorrect,not_full_up,rom_tidak_penuh
244,2026-06-11T04:23:05,S04,session_04,side,normal,triceps,right,51.34455895763789,0.8253828499546247,1.251874966217865,4.803330609249414,1.3816397190093994,0.6908198595046997,0.6908198595046997,68.93024865951833,51.2920131357964,1006.0699084332672,3.9394872257849456,0.9709293054682868,incorrect,not_full_up,rom_tidak_penuh
245,2026-06-11T04:23:13,S04,session_04,side,normal,triceps,right,62.82058171847983,2.031490903623178,0.8204960562034921,7.4272878286621555,1.2228517532348633,0.6114258766174316,0.6114258766174316,98.1689770203321,81.34000087890003,1377.7354917042371,6.587727531246143,0.9751795993463414,incorrect,not_full_up,rom_tidak_penuh
246,2026-06-11T08:38:19,S05,session_01,side,normal,biceps,right,69.94420777722196,3.839511483978444,4.348599941372152,15.554292059704164,3.8031702041625977,1.0694098472595217,2.733760356903076,57.05006211051168,76.02401637427539,1864.9966287944007,14.076420927643513,0.9123746037838004,correct,correct,good_form
247,2026-06-11T08:38:31,S05,session_01,side,normal,biceps,right,71.01349344209969,3.512881634917834,3.559775696803458,13.173157929845832,2.904771566390991,1.7837224006652832,1.121049165725708,72.54777156666266,75.96958236128926,1630.3304938466645,12.770123871107414,0.9403072197455912,correct,correct,good_form
248,2026-06-11T08:39:03,S05,session_01,side,normal,biceps,right,73.60021593681051,4.85579587969016,1.8540610757048333,13.143950466812369,2.43166184425354,1.955352783203125,0.476309061050415,82.97968705640739,97.32870973309936,1735.0614615826753,14.334571931341491,0.9652551616332968,correct,correct,good_form
250,2026-06-11T08:39:32,S05,session_01,side,normal,biceps,right,95.1201330106244,4.954844921435293,3.242357227415688,10.70366027880805,2.042966365814209,0.984276294708252,1.058690071105957,104.85458809355488,146.28864080989956,3136.498343129377,14.185766748523587,0.9682071083121828,correct,correct,good_form
251,2026-06-11T08:39:47,S05,session_01,side,normal,biceps,left,77.66130614440954,3.656120494304224,3.7292932086945214,14.337939587024753,2.0798003673553467,1.4860799312591553,0.5937204360961914,90.81115567837358,99.74066809089432,1804.7733487493324,16.563623596355587,0.9837632875727572,correct,correct,good_form
253,2026-06-11T08:40:01,S05,session_01,side,normal,biceps,left,81.18978584524714,5.054927780443982,3.329813286608964,16.301186937130563,1.9020915031433103,1.1656742095947266,0.736417293548584,102.98084087751378,128.00710326269427,2896.573754915939,16.9060984836587,0.9825669072923208,correct,correct,good_form
254,2026-06-11T08:40:06,S05,session_01,side,normal,biceps,left,80.80442392121377,6.202370557697046,2.653823862118155,16.594658429035704,1.6337192058563232,0.9485831260681152,0.685136079788208,122.08914858551218,131.3849445004657,2471.1473148556065,16.365486844547497,0.9856807827144056,correct,correct,good_form
255,2026-06-11T08:40:16,S05,session_01,side,normal,biceps,left,76.61405238883331,3.2581678764897632,3.46296542993695,8.289546513458141,1.7733311653137207,0.4670534133911133,1.3062777519226074,108.9143030441778,117.88282461266654,2765.915662719285,9.1422245224866,0.9776139217309464,correct,correct,good_form
256,2026-06-11T08:42:11,S05,session_02,side,normal,biceps,right,81.54563133888985,15.778801210708131,9.922974095342942,45.771303550917736,1.798855543136597,0.7914514541625977,1.007404088973999,126.27958188806517,93.36807365681108,2336.244879883721,55.18511580431122,0.9602821259162364,incorrect,body_swing,badan_bergerak
257,2026-06-11T08:42:30,S05,session_02,side,normal,biceps,right,104.75441658120198,6.207571451654941,9.49370130834818,19.629365189841288,1.4689557552337646,0.8351988792419434,0.6337568759918213,142.86918371984166,152.27949634926006,4263.785189725416,22.71827989138589,0.9802245100339254,incorrect,body_swing,badan_bergerak
258,2026-06-11T08:42:43,S05,session_02,side,normal,biceps,right,101.1220351384148,8.392475654116575,13.596630225643809,20.93319675907814,1.979952573776245,1.128309726715088,0.8516428470611572,128.8927627994785,142.29823246601526,2100.368158197616,27.815040337369386,0.981187166202636,incorrect,body_swing,badan_bergerak
259,2026-06-11T08:42:51,S05,session_02,side,normal,biceps,right,92.53027821219176,7.650676656378708,12.325749067096732,16.044024079647745,2.28565001487732,1.6443383693695068,0.6413116455078125,101.66283525136625,110.00402143560308,2935.8216398283093,24.142402062842333,0.9877259626984596,incorrect,body_swing,badan_bergerak
262,2026-06-11T08:43:34,S05,session_02,side,normal,biceps,left,82.50702276523025,5.705074383364352,10.973855328771013,9.043631386889228,2.160799503326416,0.8430712223052979,1.3177282810211182,86.14729839992671,106.85494737351814,2297.578066393188,19.72277867716144,0.9642990666131178,incorrect,body_swing,badan_bergerak
264,2026-06-11T08:44:28,S05,session_03,side,normal,biceps,right,78.97938335480308,27.494942719752988,3.328883538865715,80.93073615410732,1.9914305210113523,1.2575173377990725,0.7339131832122803,111.75793416792972,124.06354259879365,2637.89886498288,76.31018388023784,0.959996482118582,incorrect,elbow_swing,siku_maju_mundur
265,2026-06-11T08:44:37,S05,session_03,side,normal,biceps,right,70.74427696103703,22.82184893641332,3.62049390044035,71.0465934570454,2.215355396270752,0.7832036018371582,1.4321517944335938,102.28263166334226,101.5921630416555,2259.86491039896,66.94974230641144,0.9692559465765952,incorrect,elbow_swing,siku_maju_mundur
266,2026-06-11T08:44:50,S05,session_03,side,normal,biceps,right,86.60483244923824,21.06715739696643,4.269143971140852,61.53248750195812,2.1695919036865234,1.2561461925506592,0.9134457111358644,95.26823715668166,111.72777072411586,2517.532909579708,58.99377463418174,0.9786290529431128,incorrect,elbow_swing,siku_maju_mundur
267,2026-06-11T08:45:00,S05,session_03,side,normal,biceps,right,84.0607572665162,28.72534306146713,7.146508616244904,87.27365857271059,2.17255973815918,0.8320105075836182,1.3405492305755615,105.48313054628198,132.25500442528534,2488.082417892339,83.11729701790077,0.9546858702475826,incorrect,elbow_swing,siku_maju_mundur
268,2026-06-11T08:45:09,S05,session_03,side,normal,biceps,left,64.29763989468867,26.31825110129899,4.416027960475984,68.83089982388195,2.075538396835327,0.3202314376831054,1.7553069591522217,107.19902884755746,122.68648760644852,3183.105947408035,74.16967713315219,0.9610936100716176,incorrect,elbow_swing,siku_maju_mundur
269,2026-06-11T08:45:26,S05,session_03,side,normal,biceps,left,53.91817921800073,23.44643160655951,4.094378367249022,67.54549740237319,2.262348175048828,0.5533914566040039,1.7089567184448242,80.34461558963712,91.94995267334612,1861.6575644983088,66.31065902572935,0.9797045382857322,incorrect,elbow_swing,siku_maju_mundur
270,2026-06-11T08:45:33,S05,session_03,side,normal,biceps,left,67.53319180345831,24.05641204936334,5.058330728261962,79.95860788735273,2.31170916557312,1.2357139587402344,1.0759952068328855,127.2136407391127,120.13168216672165,2961.49319643196,76.9373913174596,0.9594737019609002,incorrect,elbow_swing,siku_maju_mundur
271,2026-06-11T08:45:39,S05,session_03,side,normal,biceps,left,83.95932888240577,17.765967268253924,3.7796168578233535,57.144149826991686,2.0808324813842773,0.7179505825042725,1.3628818988800049,114.1235544551047,108.81151397020555,2181.6923609112355,55.95544260579678,0.9605841183144114,incorrect,elbow_swing,siku_maju_mundur
273,2026-06-11T08:46:33,S05,session_04,side,normal,biceps,right,84.22205231041826,2.0210777800391657,4.532721370480991,7.453119429875539,1.258674383163452,0.8906514644622803,0.3680229187011719,149.44839839975157,187.6499960298761,4566.837413724808,8.658889514450268,0.9570761836808304,incorrect,not_full_up,rom_tidak_penuh
274,2026-06-11T08:46:38,S05,session_04,side,normal,biceps,right,71.7256161093198,1.66181684618461,3.225985975855828,3.755335716623176,1.203427791595459,0.7404682636260986,0.4629595279693603,113.46098478913738,135.4639543858878,2532.7379890484294,5.439637434237742,0.974364604111071,incorrect,not_full_up,rom_tidak_penuh
275,2026-06-11T08:46:43,S05,session_04,side,normal,biceps,right,76.96049225577734,2.226103201509632,4.763733757221869,4.99710734971539,1.4356157779693604,0.361933946609497,1.0736818313598633,108.5302462320298,142.88623617931333,3045.1839929705334,7.990723880949309,0.967825738247484,incorrect,not_full_up,rom_tidak_penuh
276,2026-06-11T08:46:51,S05,session_04,side,normal,biceps,right,73.14936280304875,2.079724741985042,3.430373896121735,3.7779465186240975,1.0685381889343262,0.3794975280761719,0.6890406608581543,129.82293577257286,125.92920780239338,2055.5186684388727,7.144549948497275,0.9773154289772114,incorrect,not_full_up,rom_tidak_penuh
277,2026-06-11T08:48:14,S05,session_04,side,normal,biceps,left,65.48013631623029,2.1805197523654933,1.390597239503332,7.006349152621843,1.1452555656433103,0.4624524116516113,0.6828031539916992,176.03009598332946,183.87366033149672,4381.149059388496,8.605112091005424,0.9703683853149414,incorrect,not_full_up,rom_tidak_penuh
278,2026-06-11T08:48:19,S05,session_04,side,normal,biceps,left,79.07570566908743,0.8016210218413131,3.1049674168171264,3.388227812796504,1.1757233142852783,0.386981725692749,0.7887415885925293,146.93791174994504,152.6994694927967,4076.5062468877577,2.793264437315853,0.9648235269955228,incorrect,not_full_up,rom_tidak_penuh
280,2026-06-11T08:48:30,S05,session_04,side,normal,biceps,left,91.99707151827434,1.5975734592740003,2.4952146111008595,4.183199848374894,1.2617108821868896,0.4159073829650879,0.8458034992218018,292.14873940108873,373.68840960772894,9658.3179181976,5.766961730508693,0.9598775401711463,incorrect,not_full_up,rom_tidak_penuh
282,2026-06-11T08:49:18,S05,session_05,side,normal,biceps,right,94.6230007176537,5.6288995485965385,1.4824111879840656,15.193139507101892,0.6037049293518066,0.2765989303588867,0.3271059989929199,260.9930867500114,201.12805357482745,5025.0661166524205,19.631449673224704,0.97075782929148,incorrect,too_fast,tempo_terlalu_cepat
283,2026-06-11T08:49:26,S05,session_05,side,normal,biceps,right,100.33817719190702,4.1578614372874485,1.4882332200591737,10.692242775445,0.6408116817474365,0.2666869163513183,0.3741247653961181,245.80744024012824,233.46365689085965,6187.268703400513,15.386124441778705,0.9873322367668153,incorrect,too_fast,tempo_terlalu_cepat
284,2026-06-11T08:49:30,S05,session_05,side,normal,biceps,right,109.86232077319691,5.142749234483991,1.4297925943328949,11.887807650377942,0.7193539142608643,0.2761416435241699,0.4432122707366943,232.8155584741438,134.4518126196973,4241.545844321588,16.88923238335174,0.9777025766670704,incorrect,too_fast,tempo_terlalu_cepat
285,2026-06-11T08:49:34,S05,session_05,side,normal,biceps,right,87.76171368733637,4.897287332068325,1.5221462462114772,15.92569147986373,0.543367862701416,0.1849825382232666,0.3583853244781494,236.61516721975389,107.23202866911323,2753.956520431593,16.808899185100916,0.983082686479275,incorrect,too_fast,tempo_terlalu_cepat
286,2026-06-11T08:49:38,S05,session_05,side,normal,biceps,right,86.21610451901483,6.044527829991226,1.0011196041576058,22.6220734943044,0.6394083499908447,0.270402193069458,0.3690061569213867,215.9066507786594,146.38935240791977,4156.883800376998,24.31086618842132,0.9769667307535808,incorrect,too_fast,tempo_terlalu_cepat
287,2026-06-11T08:49:46,S05,session_05,side,normal,biceps,left,92.0368206888686,3.561292863478224,0.8609657007578244,8.359907924958497,0.7293875217437744,0.3218364715576172,0.4075510501861572,217.63243356188045,204.96987807037107,5800.087461963165,9.71676986330678,0.9784486460335114,incorrect,too_fast,tempo_terlalu_cepat
288,2026-06-11T08:49:50,S05,session_05,side,normal,biceps,left,103.3315742812242,3.2785724368292786,1.4739661976611904,6.375574067837481,0.7334930896759033,0.3158824443817138,0.4176106452941894,229.3652315870084,223.6538443532106,6848.401796261199,9.005742450914713,0.9830733607797062,incorrect,too_fast,tempo_terlalu_cepat
289,2026-06-11T08:49:55,S05,session_05,side,normal,biceps,left,81.64077011088054,4.539629794563004,0.9023240165435168,14.116843344347902,0.7761244773864746,0.4306941032409668,0.3454303741455078,170.4428762075173,165.22126359890282,3737.769150654379,15.066151369399249,0.9819736159161516,incorrect,too_fast,tempo_terlalu_cepat
290,2026-06-11T08:49:59,S05,session_05,side,normal,biceps,left,82.84251842619238,2.629780181481052,2.48185126305082,7.042840832341189,0.7892954349517822,0.4122407436370849,0.3770546913146972,265.72940925695855,380.31759764263177,11646.745846564863,7.584808075688579,0.980565157201555,incorrect,too_fast,tempo_terlalu_cepat
291,2026-06-11T08:50:04,S05,session_05,side,normal,biceps,left,81.7117713119194,4.449538893813418,2.073916999486233,11.862624265037638,0.819575309753418,0.4194846153259277,0.4000906944274902,183.6674795299519,184.64186708469808,4594.482615229643,13.744181598229234,0.9729838167366228,incorrect,too_fast,tempo_terlalu_cepat
292,2026-06-11T08:51:08,S05,session_01,side,normal,triceps,right,113.09111135155148,2.710684136302059,5.020615783017366,13.448959421314818,1.3164026737213137,0.6582013368606567,0.6582013368606567,139.89632729076996,116.57695644191722,2381.5648810657376,10.79803391804942,0.948807040353616,correct,correct,good_form
293,2026-06-11T08:51:17,S05,session_01,side,normal,triceps,right,118.97267086126573,2.3553863370935715,3.5511341927466806,13.37022202306595,1.4186997413635254,0.7093498706817627,0.7093498706817627,167.69238875128457,154.53585458750146,3295.032229957535,8.233248945154994,0.9301003097526488,correct,correct,good_form
294,2026-06-11T08:51:22,S05,session_01,side,normal,triceps,right,178.16066100460267,2.5712763744696185,2.522267787603542,13.70331975114434,1.300196886062622,0.8097755908966064,0.4904212951660156,403.3819988641532,979.15450228045,24075.1564038426,10.762630472028471,0.9423184058358592,correct,correct,good_form
295,2026-06-11T08:51:28,S05,session_01,side,normal,triceps,right,178.63557139181466,3.5077788441810243,3.2625313482874247,24.3074716978225,1.620455026626587,0.3988678455352783,1.2215871810913086,328.80807824430366,781.1589300027869,25299.376888459334,17.330023527234495,0.938628981510798,correct,correct,good_form
296,2026-06-11T08:51:33,S05,session_01,side,normal,triceps,right,174.70656165620952,3.265513659740341,1.7996354486395143,17.982835235771326,1.494652271270752,0.3631024360656738,1.131549835205078,344.28758433809355,693.5045077198079,14703.504063410695,11.858381176944455,0.9187904808557394,correct,correct,good_form
297,2026-06-11T08:51:43,S05,session_01,side,normal,triceps,right,175.01597153956732,2.596038108191878,2.922639460272336,18.09898433716124,1.433915138244629,0.868067741394043,0.5658473968505859,476.4046527994252,862.9666971895177,17657.550451679246,11.05189809351659,0.909505299758166,correct,correct,good_form
298,2026-06-11T08:51:58,S05,session_01,side,normal,triceps,left,111.66544164191652,5.312835676653855,1.823604926395661,12.687791492757109,1.357654094696045,0.6788270473480225,0.6788270473480225,131.49894148925438,132.96623092531715,2391.534250584421,16.20697152987591,0.980876329044501,correct,correct,good_form
299,2026-06-11T08:52:05,S05,session_01,side,normal,triceps,left,107.50842363357847,2.7144333032481267,1.6136763540125916,9.85310686206146,1.4941625595092771,0.7470812797546387,0.7470812797546387,125.39912022416829,113.3206845567154,2562.8328202044195,11.484883803378343,0.9887891651102992,correct,correct,good_form
300,2026-06-11T08:52:11,S05,session_01,side,normal,triceps,left,101.11248539936032,4.168625476189016,1.9924606122225952,8.558970684046704,1.576777696609497,0.7883888483047485,0.7883888483047485,126.59371735930463,132.8430423508319,2883.976475574367,13.35501015412831,0.9877800748628728,correct,correct,good_form
301,2026-06-11T08:52:16,S05,session_01,side,normal,triceps,left,108.53324561532548,2.1539672200719235,2.118909973125012,6.375488889516854,1.418231964111328,0.7091159820556641,0.7091159820556641,129.56659098331133,132.06280536588358,2548.687634916613,7.689309985534122,0.9871080461889504,correct,correct,good_form
302,2026-06-11T08:52:52,S05,session_01,side,normal,triceps,left,113.20464261085196,4.117705584717198,2.418432663437429,15.666352774967422,1.177001714706421,0.5885008573532104,0.5885008573532104,129.76504676641446,134.37013201343487,3051.7650004566963,16.21612655034973,0.9806951019499036,correct,correct,good_form
303,2026-06-11T08:55:05,S05,session_02,side,normal,triceps,right,114.92863392728984,9.497675592933998,20.373294437634605,18.22482659440956,1.2479908466339111,0.3087952136993408,0.9391956329345704,333.3363537184199,642.2860189134143,15760.44442823406,30.59726067070199,0.9303148979587216,incorrect,body_swing,badan_bergerak
304,2026-06-11T08:55:53,S05,session_02,side,normal,triceps,right,111.95421198921188,13.176358151328513,22.722269746670687,19.15886412790947,1.556347370147705,0.7781736850738525,0.7781736850738525,129.97848531472334,141.25003496186534,4072.519052958896,42.22693678677423,0.9766228583951791,incorrect,body_swing,badan_bergerak
305,2026-06-11T08:56:12,S05,session_02,side,normal,triceps,left,99.37258262515896,20.05796177143908,20.16132189115996,34.23343546542564,1.812863826751709,1.7708392143249512,0.0420246124267578,137.32311751648498,154.79612176996525,4428.752354361837,55.34695188616971,0.9809809446334838,incorrect,body_swing,badan_bergerak
306,2026-06-11T08:56:17,S05,session_02,side,normal,triceps,left,109.23259436759813,17.91294000406054,17.133404288431617,34.672840464889404,1.9051156044006348,0.9525578022003174,0.9525578022003174,106.94698775535964,117.77272353812856,3259.962830256167,50.826431548593,0.9852274642434232,incorrect,body_swing,badan_bergerak
307,2026-06-11T08:56:23,S05,session_02,side,normal,triceps,left,107.22714629250494,15.86070281725602,14.481723826000358,28.77248845572718,2.030079841613769,1.0150399208068848,1.0150399208068848,103.03879291959905,109.85323350607916,2266.338029609144,43.02350832107676,0.9891818367772632,incorrect,body_swing,badan_bergerak
308,2026-06-11T08:56:29,S05,session_02,side,normal,triceps,left,156.34479123289643,16.19515211511133,13.87318551211378,30.29349852855935,1.903592824935913,0.2619996070861816,1.6415932178497314,267.7010089438026,693.3757140010848,16314.028163119165,44.74283685456351,0.9842639291702316,incorrect,body_swing,badan_bergerak
309,2026-06-11T08:56:41,S05,session_02,side,normal,triceps,right,124.63590202110235,10.082172616966156,13.863536465095532,16.227136456387733,1.5849592685699463,0.7924796342849731,0.7924796342849731,120.79204646660382,131.4242219647372,2873.1745207865206,30.96956243881485,0.9712325785722996,incorrect,body_swing,badan_bergerak
310,2026-06-11T08:56:46,S05,session_02,side,normal,triceps,right,112.21787741475418,10.035838150023986,13.890515801469595,17.91164235229705,1.7094058990478516,0.8547029495239258,0.8547029495239258,118.25190682685152,119.95777384898489,2567.931223864542,30.63557683726896,0.9682303090126086,incorrect,body_swing,badan_bergerak
311,2026-06-11T08:56:52,S05,session_02,side,normal,triceps,right,106.8666226001788,9.957500208022362,11.038032170287728,18.26517357232512,1.613414287567139,0.8067071437835693,0.8067071437835693,110.48051858608022,118.66436770808517,2903.974764160829,29.12521253427312,0.9647846350239384,incorrect,body_swing,badan_bergerak
312,2026-06-11T08:57:47,S05,session_03,side,normal,triceps,right,94.5589692571708,14.209844318789113,5.703286509591161,40.6151032891083,1.27309250831604,0.63654625415802,0.63654625415802,106.01559500292,101.81789058806784,2762.189233932565,42.09008663213277,0.9786065611346014,incorrect,elbow_swing,siku_maju_mundur
313,2026-06-11T08:58:12,S05,session_03,side,normal,triceps,right,116.6222851982591,13.07910218488992,9.109088579986327,29.320272738000373,1.5141873359680176,0.7570936679840088,0.7570936679840088,137.63259658689785,137.85334047920696,3774.797448194232,36.17594803824983,0.9711913970463416,incorrect,elbow_swing,siku_maju_mundur
314,2026-06-11T08:58:23,S05,session_03,side,normal,triceps,right,118.65524520129124,13.761510474977705,8.38970306200193,31.567012722192715,1.5049176216125488,1.459810495376587,0.0451071262359619,142.46766693443914,162.90763200200217,4666.647424115432,38.41336701906885,0.974013932487544,incorrect,elbow_swing,siku_maju_mundur
315,2026-06-11T08:58:30,S05,session_03,side,normal,triceps,right,151.73257992690725,9.530064225023096,9.00248182737962,23.556900612554887,1.610131025314331,0.3709559440612793,1.2391750812530518,286.25425147710587,664.0310468255398,15253.54559958309,30.462282758036107,0.9731637541618612,incorrect,elbow_swing,siku_maju_mundur
316,2026-06-11T08:58:43,S05,session_03,side,normal,triceps,left,104.71154343858652,13.635089131140232,7.789024328037906,34.11388892435004,1.48537278175354,0.74268639087677,0.74268639087677,231.2812470687288,387.1917000134763,8586.231691759964,41.31059040663823,0.9770561393463252,incorrect,elbow_swing,siku_maju_mundur
317,2026-06-11T08:58:54,S05,session_03,side,normal,triceps,right,118.06237745628012,13.743243945656136,10.387348587393266,29.82654012552129,1.552710771560669,0.7763553857803345,0.7763553857803345,143.9620070657451,190.7814702588191,5708.00834981431,37.77580778950936,0.9569867955786842,incorrect,elbow_swing,siku_maju_mundur
318,2026-06-11T08:59:03,S05,session_03,side,normal,triceps,left,173.08576133362234,20.188469057052536,6.632538477714963,117.56114092610149,1.5836279392242432,0.1220464706420898,1.461581468582153,485.2065400884362,961.3385423029362,28461.377161857577,86.41673543448125,0.9846969515913062,incorrect,elbow_swing,siku_maju_mundur
319,2026-06-11T09:00:33,S05,session_03,side,normal,triceps,left,105.62034267917632,12.943551961759548,5.69809373936436,38.20475474043727,1.594527006149292,0.797263503074646,0.797263503074646,155.5221198726682,153.57027809407234,3893.132845520816,39.71154599738035,0.9591791182756424,incorrect,elbow_swing,siku_maju_mundur
320,2026-06-11T09:00:52,S05,session_03,side,normal,triceps,left,97.56807844233305,11.220659890681665,3.1029741962537205,32.91847552659724,1.6261498928070068,0.8130749464035034,0.8130749464035034,175.31070790658018,292.04583792107616,7672.66404338365,33.1126358168432,0.9646679477111714,incorrect,elbow_swing,siku_maju_mundur
321,2026-06-11T09:01:15,S05,session_03,side,normal,triceps,left,106.0800633061632,11.110124870432214,7.786121199765767,43.9446473678189,1.6657328605651855,0.8328664302825928,0.8328664302825928,127.86425250434952,134.2066456184624,3666.334818710739,45.47094352517463,0.968328361978402,incorrect,elbow_swing,siku_maju_mundur
322,2026-06-11T09:01:22,S05,session_03,side,normal,triceps,left,100.06316300909768,10.08784418932944,9.739465725391469,33.36659423829737,1.55778169631958,1.4175398349761963,0.1402418613433838,133.5298705418903,149.60526923684964,3519.2052981169027,35.08647719586581,0.967236459693488,incorrect,elbow_swing,siku_maju_mundur
323,2026-06-11T09:02:45,S05,session_04,side,normal,triceps,right,49.964379741901695,1.7520330282196566,1.642422451206695,8.631293913101405,1.2586417198181152,1.2076694965362549,0.0509722232818603,74.70126703131159,61.33929902780882,1499.8720828934006,9.38167212604456,0.9547048663270884,incorrect,not_full_up,rom_tidak_penuh
324,2026-06-11T09:02:52,S05,session_04,side,normal,triceps,right,64.06623015068382,2.114673550705352,2.194822383319809,12.102147321433373,1.7097487449645996,1.6642043590545654,0.0455443859100341,112.55386155882152,180.43098046572297,4488.6441664791255,12.092015280115364,0.9662877607804078,incorrect,not_full_up,rom_tidak_penuh
325,2026-06-11T09:02:57,S05,session_04,side,normal,triceps,right,55.10314015530514,1.7786618054955343,2.2840013760045084,6.225707148614908,1.3859739303588867,0.6929869651794434,0.6929869651794434,75.11212478349283,59.49373560632862,1634.460723745977,7.731857425507987,0.9505022980513111,incorrect,not_full_up,rom_tidak_penuh
326,2026-06-11T09:03:16,S05,session_04,side,normal,triceps,right,64.65952476324304,1.084289809639228,1.4172360825039128,4.660187641674837,1.293815851211548,0.6469079256057739,0.6469079256057739,85.33996158698872,65.6474502547065,1347.750038215008,4.011619862196554,0.9496122331454836,incorrect,not_full_up,rom_tidak_penuh
327,2026-06-11T09:03:41,S05,session_04,side,normal,triceps,left,77.73377852148118,5.3840382034738274,1.3656827208379791,19.971591954951304,1.0263786315917969,0.5131893157958984,0.5131893157958984,133.02311867467597,107.76922874125616,2095.6060068723423,18.524314694376685,0.914838061357538,incorrect,not_full_up,rom_tidak_penuh
328,2026-06-11T09:04:05,S05,session_04,side,normal,triceps,left,77.77788901569396,5.8147282771110085,1.3965891103152426,18.37289571890431,1.359513521194458,0.679756760597229,0.679756760597229,137.29210113721703,127.7459688142335,2945.779892953034,19.1995426667726,0.902746624042911,incorrect,not_full_up,rom_tidak_penuh
329,2026-06-11T09:04:12,S05,session_04,side,normal,triceps,left,100.42270745999772,6.810753188497904,1.0616208564698106,20.6411525321448,1.4412906169891355,0.7206453084945679,0.7206453084945679,149.12760466712135,101.09883332290124,2825.222662137293,20.212766366737764,0.855586284940893,incorrect,not_full_up,rom_tidak_penuh
330,2026-06-11T09:04:40,S05,session_04,side,normal,triceps,left,80.49953504668126,3.5445063218914163,2.289175749503031,10.725198854387672,0.8119649887084961,0.405982494354248,0.405982494354248,161.4832806412712,165.52345169456922,4784.543844255365,11.464644262505136,0.9517701189768942,incorrect,not_full_up,rom_tidak_penuh
331,2026-06-11T09:05:22,S05,session_05,side,normal,triceps,right,114.00009611914604,5.414641305891753,1.9611350977207305,16.70711453896246,0.669593095779419,0.3347965478897095,0.3347965478897095,219.79928451775623,156.61502589732777,3821.1442524953422,17.85645229580312,0.9661929272115232,incorrect,too_fast,tempo_terlalu_cepat
332,2026-06-11T09:05:27,S05,session_05,side,normal,triceps,right,111.12532147006192,4.6263187828280135,2.0812690689263564,13.60195114225991,0.717381477355957,0.3586907386779785,0.3586907386779785,245.677732813165,256.3626557884918,4800.590962350759,12.956703738596415,0.9789382228079964,incorrect,too_fast,tempo_terlalu_cepat
333,2026-06-11T09:05:32,S05,session_05,side,normal,triceps,right,106.52768967224269,5.747642672508183,2.0959195840732017,15.694062555352604,0.7367651462554932,0.3683825731277466,0.3683825731277466,162.60570387659703,138.71062366092656,3299.5194705837703,16.647276834836994,0.9788801722666796,incorrect,too_fast,tempo_terlalu_cepat
334,2026-06-11T09:05:37,S05,session_05,side,normal,triceps,right,103.34993303786992,6.11647430354399,3.490664299181816,16.33538206815525,0.9187936782836914,0.4593968391418457,0.4593968391418457,249.7506801119605,328.4442860487576,7445.120217950495,19.41654767056048,0.9777288933595022,incorrect,too_fast,tempo_terlalu_cepat
335,2026-06-11T09:05:42,S05,session_05,side,normal,triceps,right,154.62725503070502,4.762299653375372,3.0448548898707504,17.73730201872625,0.879875659942627,0.2723989486694336,0.6074767112731934,503.546834810777,1010.090067188176,25667.5674416241,14.365436376376838,0.9732404471862884,incorrect,too_fast,tempo_terlalu_cepat
336,2026-06-11T09:05:52,S05,session_05,side,normal,triceps,left,113.0083159493502,7.306587385160041,3.307951816716991,21.49691448800621,0.712364673614502,0.356182336807251,0.356182336807251,238.19241547464057,277.44133919482186,5899.49291610417,25.36626543493613,0.9518569541328094,incorrect,too_fast,tempo_terlalu_cepat
337,2026-06-11T09:06:10,S05,session_05,side,normal,triceps,left,98.0579412032368,12.806460993753458,2.429854062707133,38.31385725654519,0.6130955219268799,0.3065477609634399,0.3065477609634399,202.52623793494143,159.95411049249378,4264.4666960855775,38.11129576233188,0.9718736310799916,incorrect,too_fast,tempo_terlalu_cepat
338,2026-06-11T09:06:14,S05,session_05,side,normal,triceps,left,128.2986656084625,8.390781207935369,1.786100859725486,32.0904013949548,0.707324743270874,0.353662371635437,0.353662371635437,201.45624769636143,244.24940625984144,4360.284376275819,31.19520243205866,0.9592906450852752,incorrect,too_fast,tempo_terlalu_cepat
339,2026-06-11T09:06:18,S05,session_05,side,normal,triceps,left,110.82978285281112,7.749641155477947,0.8611667939061356,27.705240129999392,0.8834586143493652,0.4417293071746826,0.4417293071746826,168.74397503150303,203.5490383377285,4824.33967605555,27.207809273884912,0.96790371918016,incorrect,too_fast,tempo_terlalu_cepat
340,2026-06-11T09:06:23,S05,session_05,side,normal,triceps,left,109.27395803136328,7.60627729037224,1.1477281341503445,27.097511664003846,0.9521191120147704,0.4760595560073852,0.4760595560073852,196.8450476376252,213.5544967477499,5210.644969609081,25.89791879672792,0.9648020757096154,incorrect,too_fast,tempo_terlalu_cepat
341,2026-06-11T09:58:04,S06,session_01,side,normal,biceps,left,74.33534099915897,2.078613723449237,1.977513648446224,10.148571264135692,2.5455522537231445,1.869355201721192,0.6761970520019531,67.29424053612337,66.05684562534935,1649.8341378984603,9.367139829460568,0.9652766675821371,correct,correct,good_form
342,2026-06-11T09:58:45,S06,session_01,side,normal,biceps,left,81.61648879647416,1.067687027362881,1.5203216700894615,4.2187289219632,3.121774196624756,2.2583582401275635,0.8634159564971924,54.49772298718014,54.694589948220354,938.9629546798244,3.392162462112484,0.9519003891519138,correct,correct,good_form
343,2026-06-11T09:59:02,S06,session_01,side,normal,biceps,left,85.70869278404717,0.9101667457058874,2.208882336813118,4.765028011401072,2.6684041023254395,1.587674617767334,1.0807294845581057,68.60296773580629,53.71614509152861,1042.595803929285,3.69081130473436,0.95717733921641,correct,correct,good_form
344,2026-06-11T09:59:08,S06,session_01,side,normal,biceps,left,80.11712820674785,0.882571823481974,1.389221092527916,3.453272184973236,2.248324394226074,1.2839422225952148,0.9643821716308594,78.47203001263937,65.08605940995292,1262.5543468196,2.985757833074841,0.9474668913349812,correct,correct,good_form
345,2026-06-11T09:59:16,S06,session_01,side,normal,biceps,left,78.19102808194316,1.2374431628812572,1.55481216829906,3.749076063148877,2.483373641967773,1.589341402053833,0.8940322399139404,69.35452244227662,60.39385881377736,1113.6400228630375,3.957871278438546,0.9537568640496048,correct,correct,good_form
346,2026-06-11T09:59:29,S06,session_01,side,normal,biceps,right,83.08221765088902,2.753313087263492,2.4444972267120586,12.929579348063656,2.5230202674865723,1.7473220825195312,0.775698184967041,72.4077318673423,66.40192817134837,1425.7140277392896,11.256296666946472,0.9700250048190356,correct,correct,good_form
347,2026-06-11T09:59:36,S06,session_01,side,normal,biceps,right,84.29757178396197,2.046622548880584,2.3662867005943866,9.8585449297148,2.3861215114593506,1.643129825592041,0.7429916858673096,77.77401789662228,73.39445631034354,1190.889108126785,8.02181660830395,0.9703371630838284,correct,correct,good_form
348,2026-06-11T09:59:42,S06,session_01,side,normal,biceps,right,74.50123714167661,2.234917174750323,1.5126779868749178,9.36428913619054,2.43979811668396,1.203535079956055,1.2362630367279053,69.22422567423337,70.08132080792606,1252.3963689516384,8.463518838284186,0.9721415363825284,correct,correct,good_form
349,2026-06-11T09:59:48,S06,session_01,side,normal,biceps,right,82.66088752776639,1.629046211778734,1.3880252951711842,6.201417909617203,2.002870798110962,1.1812412738800049,0.821629524230957,89.55483846622374,72.62969221967133,1368.2197082943828,4.924496810158948,0.968777365816964,correct,correct,good_form
350,2026-06-11T09:59:54,S06,session_01,side,normal,biceps,right,81.69476853633351,1.5043974282848165,1.1249068442690584,4.433547764438668,2.154310464859009,1.3978452682495115,0.7564651966094971,87.9067423956464,85.45010100906167,1663.628837270646,5.054131528040826,0.9725173923373224,correct,correct,good_form
352,2026-06-11T10:02:29,S06,session_02,side,normal,biceps,left,98.15364786731234,2.188480523426224,11.37281267279058,15.152278784387487,1.9323320388793943,1.0395307540893557,0.8928012847900391,110.00764231257948,81.18663147856145,1641.2858661194623,8.27539083471806,0.979627230337688,incorrect,body_swing,badan_bergerak
353,2026-06-11T10:02:39,S06,session_02,side,normal,biceps,left,102.23217870806012,1.5193034923611723,10.896463359988736,12.83741873281931,2.165976524353028,1.271594762802124,0.8943817615509033,104.64107700809608,79.46240162572465,1356.4038434606248,5.689711012450798,0.9773594546318054,incorrect,body_swing,badan_bergerak
356,2026-06-11T10:03:05,S06,session_02,side,normal,biceps,right,92.42983897369491,2.298868388512511,14.090967978881084,8.852047171728007,1.7466449737548828,0.971816062927246,0.7748289108276367,111.81392472703332,80.55238219701572,1584.4958051411777,7.850906334167605,0.960945610816662,incorrect,body_swing,badan_bergerak
357,2026-06-11T10:03:11,S06,session_02,side,normal,biceps,right,95.40355287998167,2.926143034199405,15.610084215625571,10.313703137692125,1.999960899353028,0.950700044631958,1.0492608547210691,105.57446078229404,68.94889257688081,1217.497841729598,10.196288792524925,0.9772560391161176,incorrect,body_swing,badan_bergerak
358,2026-06-11T10:03:16,S06,session_02,side,normal,biceps,right,92.73631744219664,5.526735877474941,19.22653360430852,6.685726197718367,2.032580852508545,1.106879711151123,0.925701141357422,98.99116882631988,86.78326258453717,1744.824758902536,16.572436582000552,0.978261481722196,incorrect,body_swing,badan_bergerak
359,2026-06-11T10:03:22,S06,session_02,side,normal,biceps,right,96.76456997947392,6.785778170303305,16.200657452709216,11.050043326892288,1.886523723602295,1.0587193965911863,0.8278043270111084,108.6777982168535,86.58428872423634,1462.6175372617347,20.12014995015288,0.9808332004717418,incorrect,body_swing,badan_bergerak
360,2026-06-11T10:05:52,S06,session_03,side,normal,biceps,left,82.9536713433962,22.15249829834875,3.0112355901943104,62.81269996013507,1.6941707134246826,1.02876615524292,0.6654045581817627,95.07941564920448,98.86425921764452,2215.908994903385,61.9654461649708,0.9265387928163684,incorrect,elbow_swing,siku_maju_mundur
361,2026-06-11T10:05:58,S06,session_03,side,normal,biceps,left,95.5128561578048,26.631741988559675,3.2232945159412663,74.92215024104345,1.8772943019866943,1.421109914779663,0.4561843872070312,121.62433857942904,107.21787395004904,2425.8556886357155,73.55545476298062,0.9340545893425032,incorrect,elbow_swing,siku_maju_mundur
362,2026-06-11T10:06:03,S06,session_03,side,normal,biceps,left,85.31700328851178,21.20790504007119,2.6251034857162705,61.34142928675604,1.827204704284668,1.0058317184448242,0.8213729858398438,100.52178123871856,102.2460980066342,1934.5759356241008,59.844411595079805,0.9367080676119502,incorrect,elbow_swing,siku_maju_mundur
363,2026-06-11T10:06:09,S06,session_03,side,normal,biceps,left,92.5271510163184,19.79746757445501,3.82228914063516,58.92098188132166,1.7469942569732666,1.110262393951416,0.6367318630218506,117.69233382437248,102.98192511161982,1833.1824460002035,55.62826938359602,0.9419147276725524,incorrect,elbow_swing,siku_maju_mundur
364,2026-06-11T10:06:22,S06,session_03,side,normal,biceps,right,90.48392907585972,19.051267430703493,3.9202414877307503,58.77806717541415,1.727961778640747,1.1899034976959229,0.5380582809448242,108.66365995064989,118.2056822460259,1947.8590144687737,57.83652884224796,0.9795987420790904,incorrect,elbow_swing,siku_maju_mundur
365,2026-06-11T10:06:29,S06,session_03,side,normal,biceps,right,91.78586665711228,22.38516131983062,3.85463721799948,65.53133393853106,1.8746426105499268,1.316429615020752,0.5582129955291748,108.79015174974832,118.33356701198892,2352.02151924846,64.41056787228797,0.9733624367452248,incorrect,elbow_swing,siku_maju_mundur
366,2026-06-11T10:06:35,S06,session_03,side,normal,biceps,right,79.99518325743216,20.47739928068932,3.731829923831274,61.36812309547845,1.934762954711914,1.4073493480682373,0.5274136066436768,93.58558984629448,91.7883430409314,1614.3440047661102,62.22232703422206,0.9750448655943538,incorrect,elbow_swing,siku_maju_mundur
367,2026-06-11T10:06:40,S06,session_03,side,normal,biceps,right,82.92379909610366,21.50995346195216,3.332724358046633,63.36413904209676,1.8288757801055908,1.3934237957000732,0.4354519844055176,103.9131850697703,122.39107835505284,2053.4948969182824,63.03571466622605,0.9829941490074484,incorrect,elbow_swing,siku_maju_mundur
368,2026-06-11T10:06:46,S06,session_03,side,normal,biceps,right,86.1896975930139,21.88110045118675,3.456703028184997,65.83516644553151,1.8252789974212649,1.208706617355347,0.616572380065918,104.94931621985631,127.2456181845318,2470.618680803395,63.94345640852417,0.979609802365303,incorrect,elbow_swing,siku_maju_mundur
369,2026-06-11T10:09:31,S06,session_04,side,normal,biceps,left,68.66261371352886,0.5691181893563313,1.5979871047309993,2.5322571095443984,1.1194941997528076,0.5588891506195068,0.5606050491333008,130.92742121100932,99.28770030481932,1745.1926827083105,2.0876157947496803,0.9225252704775851,incorrect,not_full_up,rom_tidak_penuh
370,2026-06-11T10:09:44,S06,session_04,side,normal,biceps,left,78.43990958410816,0.942615890671691,1.937800588996488,3.07876425744777,1.8685753345489504,1.0956707000732422,0.772904634475708,89.86184053003318,59.09556747628903,1312.20416820256,3.220865119861618,0.9495900950971105,incorrect,not_full_up,rom_tidak_penuh
371,2026-06-11T10:09:53,S06,session_04,side,normal,biceps,left,52.52376718906335,0.4298103959817435,0.8606392543605035,3.5302693257040065,1.4007058143615725,0.6150047779083252,0.7857010364532471,80.06584478520686,47.49009068967244,970.4772048621784,2.229691606596795,0.9336613133069008,incorrect,not_full_up,rom_tidak_penuh
372,2026-06-11T10:09:58,S06,session_04,side,normal,biceps,left,58.7763227281532,0.7192551821132741,1.7089553281594003,3.969228504058564,1.255922555923462,0.6088807582855225,0.6470417976379395,95.83084393726354,59.96451811269287,1394.6441198326845,2.714480149848728,0.9382370342810948,incorrect,not_full_up,rom_tidak_penuh
373,2026-06-11T10:10:04,S06,session_04,side,normal,biceps,left,61.214055857851605,1.186488003077367,0.9095055441820954,4.620740843150815,1.3184735774993896,0.6788992881774902,0.6395742893218994,88.66096145346567,41.53098330004264,985.80991325611,3.930856884415805,0.935607992609342,incorrect,not_full_up,rom_tidak_penuh
374,2026-06-11T10:10:12,S06,session_04,side,normal,biceps,right,59.319603830910495,0.580464980346401,2.1022753460260386,2.2559007402961333,1.1794030666351318,0.5880627632141113,0.5913403034210205,106.1186938901323,70.9613672706844,1878.149416645757,2.17304946252465,0.960300298752608,incorrect,not_full_up,rom_tidak_penuh
375,2026-06-11T10:10:17,S06,session_04,side,normal,biceps,right,59.15056657284079,0.5925105059027721,1.4125250089488737,2.997481901788577,1.1346728801727295,0.6737971305847168,0.4608757495880127,111.43057730637248,83.32603524779458,1781.145617938972,1.674935719191534,0.9273516466984382,incorrect,not_full_up,rom_tidak_penuh
376,2026-06-11T10:10:30,S06,session_04,side,normal,biceps,right,60.935623898563904,0.4611551122042532,0.9683444594205772,1.5311345091806734,1.425120830535889,0.7151308059692383,0.7099900245666504,87.82012686202366,59.2825791611046,1233.7846772596915,1.8837300636597003,0.9915714249946176,incorrect,not_full_up,rom_tidak_penuh
377,2026-06-11T10:10:37,S06,session_04,side,normal,biceps,right,60.68597589127464,0.3012689474574652,0.9837699681853946,1.4878422419914852,1.4876303672790527,0.8993916511535645,0.5882387161254883,83.9298148900224,59.72174836355173,915.3374311053078,1.080961458104719,0.990104571465523,incorrect,not_full_up,rom_tidak_penuh
378,2026-06-11T10:10:42,S06,session_04,side,normal,biceps,right,56.817397732151576,0.4127272689647699,1.5517607041431036,1.6313143553988363,1.293376922607422,0.6484129428863525,0.6449639797210693,94.8851323664031,71.80747546881342,1352.316846772394,1.2175488334609446,0.9917248955060696,incorrect,not_full_up,rom_tidak_penuh
379,2026-06-11T10:12:59,S06,session_05,side,normal,biceps,left,85.75720546110907,2.352234002005713,1.165949539862573,5.881972795349619,1.018421649932861,0.484067440032959,0.5343542098999023,173.57090288612386,114.92758234449536,2658.2599701979952,6.192565267895271,0.975073728710413,incorrect,too_fast,tempo_terlalu_cepat
380,2026-06-11T10:13:03,S06,session_05,side,normal,biceps,left,86.58567930793487,3.0208672827983336,1.2648853817823118,6.758847344313257,1.083859920501709,0.5150291919708252,0.5688307285308838,167.1959056170687,114.859071144456,2728.3683014538497,7.958837477477097,0.969424963645313,incorrect,too_fast,tempo_terlalu_cepat
381,2026-06-11T10:13:08,S06,session_05,side,normal,biceps,left,82.97396203664275,2.115108501691373,0.581625300933676,5.559639620112232,1.1482138633728027,0.5496208667755127,0.59859299659729,149.21348698949816,119.60759279883086,3006.59350790032,5.675803310150052,0.9817703263117716,incorrect,too_fast,tempo_terlalu_cepat
382,2026-06-11T10:13:12,S06,session_05,side,normal,biceps,left,83.52957427819058,2.396887143367471,0.6244394532826845,6.005806239718675,1.0037167072296145,0.424091100692749,0.5796256065368652,165.76998477336244,111.40548767474468,2341.362408294751,6.177443476667461,0.983943333444388,incorrect,too_fast,tempo_terlalu_cepat
383,2026-06-11T10:13:20,S06,session_05,side,normal,biceps,right,91.3352942801535,3.3401671484912145,1.657176578779751,4.815813637643545,1.02262544631958,0.5057375431060791,0.516887903213501,171.14920554141284,132.01123555052897,3448.797594590732,9.696318689836648,0.9774854773034652,incorrect,too_fast,tempo_terlalu_cepat
384,2026-06-11T10:13:25,S06,session_05,side,normal,biceps,right,96.00217464303331,5.063836062793903,1.4397078563794512,9.302519440280552,1.1768207550048828,0.4517233371734619,0.7250974178314209,152.8983085154453,123.88920407254264,3335.471514114815,14.052907857814535,0.9834902630402492,incorrect,too_fast,tempo_terlalu_cepat
385,2026-06-11T10:13:29,S06,session_05,side,normal,biceps,right,93.77000586035196,5.159736217792775,0.9403115573271172,9.273865436899843,1.023313045501709,0.4505512714385986,0.5727617740631104,146.79538005874943,104.76239573365189,1951.1088545432965,13.240209468643217,0.987333706156774,incorrect,too_fast,tempo_terlalu_cepat
386,2026-06-11T10:13:34,S06,session_05,side,normal,biceps,right,93.91890047114694,4.166053336077286,1.6319820204591835,7.0907228267137885,1.3215537071228027,0.5604777336120605,0.7610759735107422,150.08039059629667,123.11533648411933,2325.816411933253,11.230389828710267,0.9890405828582828,incorrect,too_fast,tempo_terlalu_cepat
387,2026-06-11T09:58:04,S06,session_01,side,normal,triceps,left,107.0386319702414,0.8552502838708136,1.9525064706715485,2.0369891955774104,1.6174626350402832,0.8087313175201416,0.8087313175201416,119.00595562153698,92.7575912748535,1716.7465131306951,2.9233455969600435,0.9728699024671164,correct,correct,good_form
388,2026-06-11T09:58:09,S06,session_01,side,normal,triceps,left,116.08405056875404,0.6131004971079694,1.0660604109689418,3.3709832795788746,1.617553949356079,0.8087769746780396,0.8087769746780396,132.67408691837534,118.44558661933064,1838.981049077092,3.347542384431234,0.9717464596033096,correct,correct,good_form
389,2026-06-11T09:58:14,S06,session_01,side,normal,triceps,left,112.2720804345236,0.2734288267452839,1.1562100018598276,2.4625301045098755,1.685783624649048,0.8428918123245239,0.8428918123245239,121.48842669256727,112.94890743154772,1654.8156947987018,1.031418836349073,0.9643346010833174,correct,correct,good_form
390,2026-06-11T09:58:19,S06,session_01,side,normal,triceps,left,118.35794182293311,0.6758387358046138,1.1593384917050615,5.581305701383593,1.4848098754882812,0.7424049377441406,0.7424049377441406,139.37526813937504,116.58863787475174,2076.783180955653,2.80802213203906,0.97021065214101,correct,correct,good_form
391,2026-06-11T09:58:24,S06,session_01,side,normal,triceps,left,110.90618311363724,1.687394594035875,3.135263933503299,10.308018471488118,1.371157169342041,0.6855785846710205,0.6855785846710205,140.71665232054835,127.57530315535296,2490.279869409393,4.999517878254383,0.9708962464524854,correct,correct,good_form
392,2026-06-11T09:58:33,S06,session_01,side,normal,triceps,right,109.02061925229808,1.2803912834351017,3.7377493175804615,8.585037282029917,1.218841791152954,0.609420895576477,0.609420895576477,158.36049828757436,152.39210414442036,2851.260573261498,5.474268047980343,0.9832440859505108,correct,correct,good_form
393,2026-06-11T09:58:38,S06,session_01,side,normal,triceps,right,114.5524524222058,0.8276829816507629,2.689496767397704,6.482123261802284,1.275902271270752,0.637951135635376,0.637951135635376,144.90566591329105,125.92584975900854,2303.649503400285,3.405897360607334,0.987149217831237,correct,correct,good_form
394,2026-06-11T09:58:43,S06,session_01,side,normal,triceps,right,109.2301774423788,0.971818772392952,3.3775161981465662,4.3037566872422754,1.3434410095214844,0.6717205047607422,0.6717205047607422,133.5353947466511,105.10640848849316,2056.450243889559,3.9553007556611273,0.9902703454097112,correct,correct,good_form
395,2026-06-11T09:58:48,S06,session_01,side,normal,triceps,right,105.4447900475446,0.8924973836617239,3.1270345853792807,4.809809261459,1.224519968032837,0.6122599840164185,0.6122599840164185,147.33428458339392,116.13143590705268,2232.098551562792,4.459734871297258,0.9913978188165596,correct,correct,good_form
396,2026-06-11T09:58:53,S06,session_01,side,normal,triceps,right,107.17722390864049,1.4228934279432497,3.0090016494099854,5.9591234956572885,1.3175129890441897,0.6587564945220947,0.6587564945220947,130.8420812218615,103.94798945974468,2199.1557177204663,5.309969951109746,0.9908836573362352,correct,correct,good_form
397,2026-06-11T10:02:22,S06,session_02,side,normal,triceps,left,115.98143320196696,3.5667745540488185,12.289984449556814,17.27753011193125,1.320295333862305,0.6601476669311523,0.6601476669311523,157.52565511439477,109.17617350603516,1934.563441610811,10.984646367312578,0.9859334980619364,incorrect,body_swing,badan_bergerak
398,2026-06-11T10:02:27,S06,session_02,side,normal,triceps,left,111.11301494826132,4.293257128759056,13.72600936512458,11.084005776576058,1.35042405128479,0.675212025642395,0.675212025642395,130.34195402139198,105.04826190770734,2221.8352963670604,11.588950317504358,0.9851100968592096,incorrect,body_swing,badan_bergerak
399,2026-06-11T10:02:32,S06,session_02,side,normal,triceps,left,113.16061316332674,3.1476003151063257,17.793804421526463,26.94773333269052,1.4456398487091064,0.7228199243545532,0.7228199243545532,133.3698809464207,108.69752102375124,2155.6838321718496,9.81705190641378,0.9758268627338113,incorrect,body_swing,badan_bergerak
400,2026-06-11T10:02:37,S06,session_02,side,normal,triceps,left,115.4997492235496,3.17271379782804,13.82729808022845,11.14426451580766,1.351123332977295,0.6755616664886475,0.6755616664886475,143.3519385751313,119.582398027213,2174.769258510677,9.603427966666354,0.9726219445466996,incorrect,body_swing,badan_bergerak
401,2026-06-11T10:02:46,S06,session_02,side,normal,triceps,right,109.73272678366764,1.4813451611902169,9.71593194389524,10.362251102369612,1.2276825904846191,0.6138412952423096,0.6138412952423096,152.4770181168441,125.25938612245643,2823.545532301089,5.369682353549646,0.9867400646209716,incorrect,body_swing,badan_bergerak
402,2026-06-11T10:02:51,S06,session_02,side,normal,triceps,right,102.33837034699692,3.926064106158601,14.036923331855364,18.504920910845858,1.2168262004852295,0.6084131002426147,0.6084131002426147,171.35481872882517,141.9384628295127,3277.944268907763,14.598925978898404,0.9883079693785736,incorrect,body_swing,badan_bergerak
403,2026-06-11T10:02:56,S06,session_02,side,normal,triceps,right,114.18927328662625,2.75030749278057,9.69571539307614,15.811637833515022,1.1556427478790283,0.5778213739395142,0.5778213739395142,165.7218378858349,151.2678196616806,3521.824555883461,9.626330548693568,0.982897275575885,incorrect,body_swing,badan_bergerak
404,2026-06-11T10:03:01,S06,session_02,side,normal,triceps,right,117.82079540637083,2.639999132111808,9.922521581033774,10.324021838389775,1.2855019569396973,0.6427509784698486,0.6427509784698486,142.05353535675536,126.38730263283406,2139.32222011905,8.803774649343849,0.9897069063569818,incorrect,body_swing,badan_bergerak
405,2026-06-11T10:05:52,S06,session_03,side,normal,triceps,left,116.35371683101926,3.405050581287028,12.614991189270574,27.625772821543443,1.3737852573394775,0.6868926286697388,0.6868926286697388,154.51558099590005,124.73463973151593,2130.052528683546,13.532553233577344,0.9473366900797812,incorrect,elbow_swing,siku_maju_mundur
406,2026-06-11T10:05:57,S06,session_03,side,normal,triceps,left,111.93592357176152,3.416602125522618,10.352891839791102,22.232436649062286,1.2975411415100098,0.6487705707550049,0.6487705707550049,142.48488024183172,105.63534380121986,2297.708590813037,11.239144257672804,0.961722809692909,incorrect,elbow_swing,siku_maju_mundur
407,2026-06-11T10:06:01,S06,session_03,side,normal,triceps,left,109.18368032789144,3.2734370004109885,8.533668950074638,22.852349243080244,1.2772037982940674,0.6386018991470337,0.6386018991470337,135.07717780403334,104.89088360860022,2130.6295238324674,11.396694404153711,0.948821847992284,incorrect,elbow_swing,siku_maju_mundur
408,2026-06-11T10:06:06,S06,session_03,side,normal,triceps,left,112.99780779331527,5.802006193390812,9.194982160886774,29.461319595432656,1.398132562637329,0.6990662813186646,0.6990662813186646,145.8391574257758,125.21911726545356,2710.173465962085,17.502712465844322,0.947523413165923,incorrect,elbow_swing,siku_maju_mundur
409,2026-06-11T10:06:13,S06,session_03,side,normal,triceps,right,108.63418246867862,4.378635167528741,8.571844916100648,19.657127161395223,1.2865986824035645,0.6432993412017822,0.6432993412017822,145.91181413360664,124.61954464121908,2580.637086843767,12.86831579698,0.981642759190156,incorrect,elbow_swing,siku_maju_mundur
410,2026-06-11T10:06:18,S06,session_03,side,normal,triceps,right,122.18486049390538,5.085355700411244,9.523187989770058,25.52973064764101,1.275475263595581,0.6377376317977905,0.6377376317977905,166.23693943901642,155.3657487396435,3631.641260066844,16.484041338087888,0.9763084716837982,incorrect,elbow_swing,siku_maju_mundur
411,2026-06-11T10:06:22,S06,session_03,side,normal,triceps,right,111.43299599288235,4.582248968438143,8.210077951129838,18.98203415675821,1.2119193077087402,0.6059596538543701,0.6059596538543701,147.6097530268509,127.10293407336312,3250.276280625818,14.728340172702552,0.9780982239888264,incorrect,elbow_swing,siku_maju_mundur
412,2026-06-11T10:06:27,S06,session_03,side,normal,triceps,right,121.80905955850127,3.8521600681547215,8.69804005943725,21.716969626524296,1.211789608001709,0.6058948040008545,0.6058948040008545,161.6554406404262,153.79145615042054,3930.400710899358,13.921035054989298,0.9741509515047072,incorrect,elbow_swing,siku_maju_mundur
413,2026-06-11T10:09:31,S06,session_04,side,normal,triceps,left,65.25499045540916,1.6863147773303624,2.018336263537701,8.295674419498457,1.1094253063201904,0.5547126531600952,0.5547126531600952,94.72206039999948,72.94868615964114,1469.814771902762,6.338028069071893,0.9723135197162628,incorrect,not_full_up,rom_tidak_penuh
414,2026-06-11T10:09:37,S06,session_04,side,normal,triceps,left,78.76320825095856,1.3637588152104498,2.3634012401777875,3.0057330464719136,1.3826301097869873,0.6913150548934937,0.6913150548934937,109.08845018552464,86.21706740143775,1603.619232571967,4.009652146622805,0.9601783062020938,incorrect,not_full_up,rom_tidak_penuh
415,2026-06-11T10:09:43,S06,session_04,side,normal,triceps,left,85.0994398746831,0.6441174205557393,1.970224466388488,2.7707551520937947,1.367811679840088,0.683905839920044,0.683905839920044,105.3167911661552,84.68512832301099,1188.508465959629,2.7694766294486115,0.9599463051116024,incorrect,not_full_up,rom_tidak_penuh
416,2026-06-11T10:09:47,S06,session_04,side,normal,triceps,left,80.12270530865086,1.8949647442854192,3.929188447102272,3.730371896775356,1.3675332069396973,0.6837666034698486,0.6837666034698486,101.87508577645266,71.118394485489,1389.8555937759936,6.114785410529649,0.9648150113912728,incorrect,not_full_up,rom_tidak_penuh
417,2026-06-11T10:09:56,S06,session_04,side,normal,triceps,right,78.94133223518526,0.7571483544962027,2.601127854103177,3.997390556330068,1.289677619934082,0.644838809967041,0.644838809967041,105.51568080930338,85.42148038108255,1698.1565142211937,3.179729649890316,0.9952716584006944,incorrect,not_full_up,rom_tidak_penuh
418,2026-06-11T10:10:01,S06,session_04,side,normal,triceps,right,90.54896200514295,1.9968659945468243,4.24740051300145,5.659805971965156,1.35357666015625,0.676788330078125,0.676788330078125,117.83487118915542,96.93911466207427,1570.7206781816824,8.014738475632644,0.9937521084662406,incorrect,not_full_up,rom_tidak_penuh
419,2026-06-11T10:10:07,S06,session_04,side,normal,triceps,right,81.68960988287135,0.973806869464538,2.8097454579933,2.8739883772187262,1.45284104347229,0.726420521736145,0.726420521736145,94.98008024541582,74.10257082581093,1143.0937965676949,3.6767785198573577,0.9958024873878016,incorrect,not_full_up,rom_tidak_penuh
420,2026-06-11T10:10:12,S06,session_04,side,normal,triceps,right,89.82749669317356,0.7861100277716533,2.414657778224252,3.2021975603151382,1.2974824905395508,0.6487412452697754,0.6487412452697754,124.27245820864088,102.60526812416953,1854.1662292491808,3.3602396999633584,0.9954490147787948,incorrect,not_full_up,rom_tidak_penuh
421,2026-06-11T10:12:59,S06,session_05,side,normal,triceps,left,114.08852743182896,5.839149202695127,3.3071073376297706,26.02161387168541,1.0627145767211914,0.5313572883605957,0.5313572883605957,183.0223663109532,140.18053410113853,2769.904057014865,22.96709892314681,0.9593569537003837,incorrect,too_fast,tempo_terlalu_cepat
422,2026-06-11T10:13:04,S06,session_05,side,normal,triceps,left,117.39381198022508,4.097490704304465,4.988867636528624,24.24176107899196,0.7437915802001953,0.3718957901000976,0.3718957901000976,242.48093056298845,208.5527440144785,5242.9668367834565,14.87375658384099,0.9638093461592993,incorrect,too_fast,tempo_terlalu_cepat
423,2026-06-11T10:13:08,S06,session_05,side,normal,triceps,left,120.87940199850418,2.829040997058301,5.756395816838613,21.61294299276512,0.9814763069152832,0.4907381534576416,0.4907381534576416,181.97723655940123,103.9815678541151,2142.262152797286,11.800263156293614,0.9667838920246472,incorrect,too_fast,tempo_terlalu_cepat
424,2026-06-11T10:13:12,S06,session_05,side,normal,triceps,left,120.05589757964026,4.127107222441267,4.001051919296174,25.59234476672024,0.984520435333252,0.492260217666626,0.492260217666626,182.8851476985452,130.9190558415147,3353.0964598966834,18.00640523144349,0.9643471759298572,incorrect,too_fast,tempo_terlalu_cepat
425,2026-06-11T10:13:19,S06,session_05,side,normal,triceps,right,108.42420322078068,4.634900986371176,5.705941049008959,23.096371027338407,0.8927109241485596,0.4463554620742798,0.4463554620742798,182.75947915405024,156.80228467151568,3723.535531825418,16.887779849042836,0.9883321337401868,incorrect,too_fast,tempo_terlalu_cepat
426,2026-06-11T10:13:23,S06,session_05,side,normal,triceps,right,117.64099209279536,3.5940702806086766,6.893895855525182,22.388971014783824,0.8610444068908691,0.4305222034454345,0.4305222034454345,202.22798569261184,158.51109216924874,3300.38741280931,15.955401272930924,0.9894453294575214,incorrect,too_fast,tempo_terlalu_cepat
427,2026-06-11T10:13:28,S06,session_05,side,normal,triceps,right,116.36814840881608,4.144355789513975,5.483499652502469,22.129177257467887,0.8457884788513184,0.4228942394256592,0.4228942394256592,179.86083971104003,137.2649540394973,2327.3031052170186,17.659593701439288,0.990536395046446,incorrect,too_fast,tempo_terlalu_cepat
428,2026-06-11T10:13:32,S06,session_05,side,normal,triceps,right,120.83329198866028,3.28595700214507,5.348333062544748,19.0927535494429,0.8260948657989502,0.4130474328994751,0.4130474328994751,226.7990197835097,159.39217802610025,3492.090737305068,12.693265362547631,0.9868060938621822,incorrect,too_fast,tempo_terlalu_cepat
429,2026-06-11T10:13:38,S06,session_05,side,normal,triceps,right,113.9296263848142,3.0582768622430145,6.203438579972223,20.37351788450342,0.843358039855957,0.4216790199279785,0.4216790199279785,198.8727368774744,130.70509411730856,3417.694343676837,13.752821186374074,0.9909149557352066,incorrect,too_fast,tempo_terlalu_cepat
